delta_time,direction,length
0.0,-1,602
0.0008060932159423828,1,66
1.621683120727539,1,590
1.7205390930175781,1,602
1.7314579486846924,-1,56
1.7315731048583984,1,590
1.7933800220489502,-1,590
1.7935049533843994,1,54
1.8599450588226318,-1,56
1.8599469661712646,-1,602
1.8601760864257812,1,1104
1.8601789474487305,1,66
1.8610849380493164,1,602
2.1480259895324707,-1,590
2.148029088973999,-1,56
2.1481709480285645,1,54
2.1490530967712402,1,590
2.150428056716919,-1,66
2.1504290103912354,-1,602
2.1504299640655518,-1,1440
2.150430917739868,-1,1440
2.15043306350708,-1,1440
2.1504340171813965,-1,1440
2.150567054748535,1,66
2.150660991668701,1,54
2.1513190269470215,1,602
2.1514899730682373,1,54
2.2696571350097656,-1,744
2.269663095474243,-1,56
2.269861936569214,1,54
2.275315999984741,1,590
2.3016791343688965,-1,66
2.3456690311431885,-1,602
2.3458199501037598,1,66
2.3467419147491455,1,602
2.3771169185638428,-1,590
2.377295970916748,1,1104
2.3816139698028564,-1,56
2.672029972076416,-1,1104
2.672032117843628,-1,66
2.6723580360412598,1,590
2.672938108444214,-1,602
2.6730411052703857,1,66
2.6733150482177734,1,602
3.3634870052337646,1,602
3.3720059394836426,-1,56
3.3720080852508545,-1,66
3.372009038925171,-1,590
3.3720099925994873,-1,1440
3.37201189994812,-1,1440
3.3720130920410156,-1,1440
3.372014045715332,-1,1440
3.3720149993896484,-1,1440
3.3720169067382812,-1,1440
3.3720180988311768,-1,1440
3.372019052505493,-1,1440
3.372020959854126,-1,1440
3.3720219135284424,-1,1440
3.372023105621338,-1,1440
3.3720250129699707,-1,1440
3.372025966644287,-1,1440
3.372028112411499,-1,1440
3.3720290660858154,-1,1354
3.372030019760132,-1,1354
3.3720319271087646,-1,1354
3.37203311920166,-1,272
3.3720340728759766,-1,1354
3.372035026550293,-1,1354
3.3720359802246094,-1,1354
3.3720381259918213,-1,1354
3.3720390796661377,-1,1354
3.3720409870147705,-1,1354
3.372246026992798,1,590
3.3723621368408203,1,54
3.3723649978637695,1,66
3.373526096343994,1,1104
3.373718023300171,1,66
3.4168341159820557,-1,1440
3.416914939880371,1,54
3.6555991172790527,-1,1354
3.655761957168579,1,66
3.6573739051818848,-1,1440
3.6573760509490967,-1,1440
3.6573779582977295,-1,1440
3.657378911972046,-1,1440
3.6573801040649414,-1,1440
3.657382011413574,-1,1440
3.6573829650878906,-1,1440
3.6573851108551025,-1,1440
3.657386064529419,-1,1440
3.6573870182037354,-1,1440
3.657388925552368,-1,1440
3.6573901176452637,-1,1440
3.6573920249938965,-1,1440
3.657392978668213,-1,1440
3.6573939323425293,-1,1288
3.657396078109741,-1,1440
3.6573970317840576,-1,1440
3.6573989391326904,-1,1440
3.657400131225586,-1,1440
3.6574010848999023,-1,1440
3.657402992248535,-1,1440
3.6574039459228516,-1,1440
3.6574060916900635,-1,1440
3.65740704536438,-1,1440
3.6574079990386963,-1,1440
3.6574089527130127,-1,1440
3.6574110984802246,-1,1354
3.657412052154541,-1,1354
3.6574130058288574,-1,1354
3.6574149131774902,-1,1354
3.6574161052703857,-1,1354
3.657417058944702,-1,1354
3.657418966293335,-1,1354
3.6574199199676514,-1,1354
3.6575980186462402,1,54
3.6576619148254395,-1,1354
3.657663106918335,-1,1354
3.6576650142669678,-1,1354
3.657665967941284,-1,1354
3.6576669216156006,-1,1440
3.6576690673828125,-1,1440
3.657670021057129,-1,1440
3.6576709747314453,-1,1440
3.6576731204986572,-1,1440
3.657755136489868,1,54
3.657757043838501,1,66
3.657778024673462,1,54
3.657987117767334,1,590
3.658143997192383,1,66
3.6742630004882812,1,1440
3.6743860244750977,1,746
3.6744449138641357,1,602
3.6746909618377686,1,54
3.69348406791687,1,1440
3.6935060024261475,1,254
3.768738031387329,-1,1440
3.7687411308288574,-1,1440
3.768742084503174,-1,1440
3.7687430381774902,-1,1440
3.768744945526123,-1,1440
3.7687461376190186,-1,1440
3.7687480449676514,-1,1440
3.7687489986419678,-1,1440
3.768749952316284,-1,1440
3.768752098083496,-1,1440
3.7687530517578125,-1,1440
3.7687549591064453,-1,1440
3.7687559127807617,-1,1440
3.7687571048736572,-1,1440
3.76875901222229,-1,1440
3.768760919570923,-1,1440
3.7687621116638184,-1,1440
3.7687630653381348,-1,1440
3.768764019012451,-1,1440
3.768765926361084,-1,212
3.769010066986084,1,54
3.7693231105804443,1,590
3.775270938873291,-1,1354
3.7753961086273193,1,66
3.776210069656372,-1,1354
3.7763071060180664,1,66
3.7781450748443604,-1,1354
3.778146982192993,-1,1354
3.778149127960205,-1,1354
3.7781500816345215,-1,1354
3.778151035308838,-1,1354
3.7781519889831543,-1,1354
3.778154134750366,-1,1354
3.778156042098999,-1,1354
3.7781569957733154,-1,1354
3.778157949447632,-1,1354
3.7781600952148438,-1,1354
3.77816104888916,-1,1354
3.7781620025634766,-1,1354
3.778162956237793,-1,1354
3.7782819271087646,1,66
3.778365135192871,1,66
3.7786030769348145,1,602
3.7801060676574707,-1,56
3.800478935241699,-1,66
3.800481081008911,-1,56
3.800602912902832,1,590
3.813408136367798,-1,1440
3.8135340213775635,1,54
3.818531036376953,-1,1440
3.818639039993286,1,590
3.8191781044006348,-1,1440
3.8192639350891113,1,54
3.8198740482330322,-1,1440
3.819993019104004,1,54
3.831758975982666,-1,66
3.8346989154815674,-1,1440
3.8347020149230957,-1,1440
3.834959030151367,-1,1440
3.8350110054016113,1,54
3.8755760192871094,-1,250
3.8758280277252197,1,590
3.9087040424346924,-1,1354
3.90877103805542,-1,1354
3.9087719917297363,-1,1354
3.9087741374969482,-1,1354
3.908812999725342,-1,1354
3.908813953399658,-1,1354
3.90881609916687,-1,1354
3.908864974975586,1,66
3.9089059829711914,1,66
3.908921003341675,1,66
3.909104108810425,1,66
3.909351110458374,-1,1354
3.9093539714813232,-1,1354
3.909356117248535,-1,1354
3.9093570709228516,-1,1354
3.909358024597168,-1,1354
3.909359931945801,-1,56
3.9095029830932617,1,602
3.909614086151123,1,66
3.950735092163086,-1,140
3.9509029388427734,1,66
3.9691081047058105,1,1440
3.9691340923309326,1,768
3.994252920150757,-1,56
3.9952750205993652,-1,1104
3.9953811168670654,1,54
4.008162975311279,-1,1354
4.061790943145752,-1,856
4.06193995475769,1,602
4.067038059234619,1,1440
4.067039966583252,1,1440
4.067107915878296,1,410
4.130734920501709,1,1440
4.180790901184082,-1,56
4.181924104690552,-1,1126
4.181926012039185,-1,56
4.182064056396484,1,54
4.183214902877808,1,590
4.1928839683532715,-1,1440
4.1930460929870605,1,590
4.211913108825684,-1,66
4.254844903945923,-1,1440
4.254848003387451,-1,1440
4.254849910736084,-1,1440
4.255213975906372,1,54
4.256185054779053,-1,1440
4.257055044174194,-1,1440
4.257056951522827,-1,1440
4.257220983505249,1,54
4.260065078735352,1,1440
4.260067939758301,1,1440
4.260129928588867,1,1438
4.273993968963623,-1,1440
4.273997068405151,-1,1440
4.273998022079468,-1,1440
4.274202108383179,1,54
4.277249097824097,-1,1440
4.2772510051727295,-1,1440
4.277251958847046,-1,1440
4.277527093887329,1,590
4.285506963729858,-1,66
4.287719011306763,-1,158
4.287867069244385,1,54
4.377075910568237,-1,56
4.3771350383758545,-1,1440
4.377655982971191,-1,56
4.377912998199463,-1,56
4.377913951873779,-1,56
4.38391900062561,-1,56
4.4391210079193115,-1,1440
4.43912410736084,-1,1440
4.439125061035156,-1,1440
4.4394309520721436,1,54
4.44030499458313,1,590
4.443269968032837,-1,1440
4.443273067474365,-1,1440
4.443274021148682,-1,1440
4.4432759284973145,-1,1440
4.44327712059021,-1,1440
4.443624973297119,1,54
4.446217060089111,1,1440
4.4462220668792725,1,1440
4.446226119995117,1,1440
4.446299076080322,1,74
4.447736024856567,1,1440
4.4477410316467285,1,1440
4.447788953781128,1,1352
4.449980974197388,1,1440
4.4499831199646,1,1440
4.449984073638916,1,1440
4.450037002563477,1,116
4.458729028701782,-1,1440
4.458729982376099,-1,1440
4.458869934082031,1,54
4.459423065185547,-1,1440
4.462105989456177,1,1440
4.462119102478027,1,768
4.464158058166504,-1,1440
4.464424133300781,-1,1440
4.464468002319336,1,54
4.481264114379883,-1,1440
4.481265068054199,-1,1440
4.481352090835571,1,54
4.481765031814575,-1,1206
4.4818339347839355,1,54
4.483712911605835,1,1440
4.483722925186157,1,254
4.502556085586548,-1,1440
4.5471720695495605,-1,56
4.552235126495361,-1,56
4.552808046340942,-1,56
4.552809000015259,-1,66
4.553084135055542,-1,56
4.553312063217163,-1,56
4.55341100692749,-1,56
4.553411960601807,-1,56
4.556351900100708,-1,56
4.556351900100708,-1,66
4.556594133377075,-1,56
4.568260908126831,-1,56
4.5884690284729,-1,746
4.5885910987854,1,54
4.5894060134887695,-1,66
4.589715957641602,-1,56
4.589745044708252,1,590
4.704381942749023,-1,1440
4.704514026641846,1,590
4.706283092498779,-1,1440
4.7062859535217285,-1,1440
4.706286907196045,-1,1440
4.706289052963257,-1,1440
4.706290006637573,-1,1440
4.706291913986206,-1,1440
4.706293106079102,-1,1440
4.706294059753418,-1,1440
4.706295967102051,-1,1440
4.706296920776367,-1,1440
4.706298112869263,-1,1440
4.706299066543579,-1,1440
4.706300973892212,-1,1440
4.706301927566528,-1,1440
4.706303119659424,-1,1440
4.706305027008057,-1,1440
4.706305980682373,-1,1440
4.7063069343566895,-1,1440
4.706308126449585,-1,1440
4.706310033798218,-1,1440
4.706310987472534,-1,1440
4.706311941146851,-1,1440
4.7063140869140625,-1,1440
4.706315040588379,-1,1440
4.706316947937012,-1,1440
4.706317901611328,-1,1440
4.706319093704224,-1,1440
4.7063210010528564,-1,1440
4.706321954727173,-1,1440
4.706322908401489,-1,1440
4.706325054168701,-1,1440
4.706326007843018,-1,1440
4.70632791519165,-1,1440
4.706329107284546,-1,1440
4.706330060958862,-1,1440
4.706331014633179,-1,1440
4.706331968307495,-1,1440
4.706496000289917,-1,1440
4.70649790763855,-1,1440
4.706499099731445,-1,1440
4.706500053405762,-1,1440
4.7065019607543945,-1,1440
4.706502914428711,-1,1440
4.7065041065216064,-1,1440
4.706505060195923,-1,1440
4.706542015075684,-1,1440
4.706543922424316,-1,1440
4.706545114517212,-1,1440
4.706603050231934,1,590
4.706708908081055,-1,1440
4.70671010017395,-1,1440
4.706711053848267,-1,1440
4.706712961196899,-1,1440
4.706713914871216,-1,1440
4.706715106964111,-1,1440
4.706774950027466,-1,1440
4.706775903701782,-1,1440
4.706777095794678,-1,1440
4.706794023513794,1,590
4.706815958023071,1,54
4.706964015960693,-1,1440
4.706965923309326,-1,1440
4.706967115402222,-1,1440
4.706990003585815,1,54
4.707031965255737,1,54
4.707072973251343,-1,1440
4.707073926925659,-1,1440
4.707075119018555,-1,1440
4.707114934921265,1,54
4.708389043807983,1,1440
4.708391904830933,1,1440
4.708413124084473,1,902
4.736861944198608,-1,56
4.738719940185547,-1,1354
4.738722085952759,-1,1354
4.738723993301392,-1,1354
4.738829135894775,1,66
4.738956928253174,1,66
4.7406840324401855,-1,272
4.740684986114502,-1,1354
4.740685939788818,-1,1354
4.740685939788818,-1,1354
4.740687131881714,-1,1354
4.74068808555603,-1,1354
4.7407190799713135,1,66
4.740754127502441,1,66
4.771882057189941,-1,1354
4.812989950180054,-1,1440
4.813141107559204,1,54
4.814597129821777,-1,1440
4.81459903717041,-1,1440
4.814599990844727,-1,1440
4.8146021366119385,-1,1440
4.814603090286255,-1,1440
4.814604043960571,-1,1440
4.814604997634888,-1,1440
4.81461501121521,-1,1440
4.814616918563843,-1,1440
4.814616918563843,-1,1440
4.814618110656738,-1,1440
4.814619064331055,-1,1440
4.814620018005371,-1,1440
4.8146209716796875,-1,1440
4.814621925354004,-1,1440
4.814623117446899,-1,1440
4.814623117446899,-1,1440
4.814624071121216,-1,1440
4.814625024795532,-1,1440
4.814625978469849,-1,1440
4.814626932144165,-1,1440
4.8146281242370605,-1,1440
4.8146281242370605,-1,1440
4.814629077911377,-1,1440
4.814630031585693,-1,1440
4.81463098526001,-1,1440
4.814631938934326,-1,1440
4.814631938934326,-1,1440
4.814633131027222,-1,1440
4.8146350383758545,-1,1440
4.814635992050171,-1,1440
4.814636945724487,-1,1440
4.814808130264282,-1,1440
4.814809083938599,-1,1440
4.814810037612915,-1,1440
4.8148109912872314,-1,1440
4.814811944961548,-1,1440
4.814813137054443,-1,1440
4.81481409072876,-1,1440
4.814815998077393,-1,1440
4.814816951751709,-1,1440
4.814817905426025,-1,1440
4.814819097518921,-1,1440
4.814820051193237,-1,1440
4.814821004867554,-1,1440
4.814929962158203,1,54
4.815597057342529,1,590
4.817359924316406,1,1440
4.817363977432251,1,1440
4.8174519538879395,1,1352
4.873022079467773,1,66
4.904391050338745,-1,1440
4.904392957687378,-1,1440
4.90439510345459,-1,1440
4.904396057128906,-1,1440
4.904397010803223,-1,1440
4.904397964477539,-1,656
4.904400110244751,-1,56
4.904401063919067,-1,1354
4.904402017593384,-1,1354
4.904403924942017,-1,1354
4.904405117034912,-1,1354
4.9044060707092285,-1,1354
4.904407978057861,-1,1354
4.904408931732178,-1,1354
4.904410123825073,-1,1354
4.904412031173706,-1,1354
4.9044129848480225,-1,1354
4.904413938522339,-1,1354
4.904416084289551,-1,1354
4.904416084289551,-1,1354
4.904417991638184,-1,1354
4.9044189453125,-1,1440
4.904552936553955,-1,1440
4.904554128646851,-1,1440
4.904556035995483,-1,1440
4.9045569896698,-1,1440
4.904557943344116,-1,1440
4.904559135437012,-1,1440
4.90461802482605,1,66
4.904717922210693,1,66
4.904784917831421,-1,1440
4.904787063598633,-1,1440
4.904788970947266,-1,1440
4.904789924621582,-1,1440
4.904792070388794,-1,1440
4.90479302406311,-1,1440
4.904863119125366,-1,1440
4.904865026473999,-1,1440
4.904866933822632,-1,1440
4.904869079589844,-1,1440
4.90487003326416,-1,1440
4.904871940612793,-1,1440
4.90515398979187,-1,1440
4.905157089233398,-1,1440
4.905158996582031,-1,1440
4.905457973480225,1,602
4.906141042709351,1,676
4.907038927078247,-1,1440
4.907042026519775,-1,1440
4.907042980194092,-1,1440
4.907043933868408,-1,1440
4.907045125961304,-1,1440
4.9070470333099365,-1,1440
4.907047986984253,-1,1440
4.907048940658569,-1,1440
4.907050132751465,-1,1440
4.907051086425781,-1,1440
4.907052040100098,-1,1440
4.907052993774414,-1,1440
4.907397985458374,1,54
4.907793998718262,-1,1440
4.90779709815979,-1,1440
4.9077980518341064,-1,1440
4.907799959182739,-1,1440
4.907800912857056,-1,1440
4.907802104949951,-1,1440
4.908828973770142,1,1104
4.910836935043335,-1,1440
4.911116123199463,-1,1440
4.911287069320679,1,590
4.9130871295928955,-1,1440
4.913089990615845,-1,1440
4.913090944290161,-1,1440
4.913092136383057,-1,1440
4.9130940437316895,-1,1440
4.913094997406006,-1,1440
4.913290977478027,1,54
4.914000034332275,-1,1440
4.914001941680908,-1,1440
4.914103031158447,1,54
4.916956901550293,-1,1440
4.916960000991821,-1,1440
4.91696310043335,-1,1440
4.916965007781982,-1,1440
4.916966915130615,-1,1440
4.916968107223511,-1,1440
4.9169700145721436,-1,1440
4.91697096824646,-1,1440
4.916973114013672,-1,1440
4.916974067687988,-1,1440
4.916975975036621,-1,1440
4.917227029800415,1,590
4.918673992156982,-1,1440
4.918676137924194,-1,1440
4.918678045272827,-1,1440
4.9186789989471436,-1,1440
4.91867995262146,-1,1440
4.918682098388672,-1,1440
4.918683052062988,-1,1440
4.918684005737305,-1,1440
4.918684959411621,-1,1440
4.918687105178833,-1,1440
4.9188830852508545,1,590
4.919533967971802,-1,1440
4.920012950897217,-1,1440
4.920015096664429,-1,1440
4.920016050338745,-1,1440
4.920180082321167,1,590
4.922785043716431,-1,1440
5.0083699226379395,-1,1440
5.008646011352539,1,54
5.010174989700317,-1,1440
5.010178089141846,-1,1440
5.010179042816162,-1,1440
5.010180950164795,-1,1440
5.010181903839111,-1,1440
5.010183095932007,-1,1440
5.010184049606323,-1,1440
5.010185956954956,-1,1440
5.0101869106292725,-1,1440
5.010188102722168,-1,1440
5.010189056396484,-1,1440
5.010190010070801,-1,1440
5.010191917419434,-1,1440
5.010193109512329,-1,1440
5.0101940631866455,-1,1440
5.010195970535278,-1,1440
5.01019811630249,-1,1440
5.010199069976807,-1,1440
5.010200023651123,-1,1440
5.010201930999756,-1,1440
5.010203123092651,-1,1440
5.010204076766968,-1,1440
5.010205030441284,-1,1440
5.010206937789917,-1,1440
5.0102081298828125,-1,1440
5.011461019515991,1,590
5.011647939682007,-1,1440
5.011650085449219,-1,1440
5.011651039123535,-1,1440
5.011651992797852,-1,1440
5.011652946472168,-1,1440
5.01165509223938,-1,1440
5.011656045913696,-1,1440
5.011656999588013,-1,1440
5.011657953262329,-1,1440
5.0116589069366455,-1,1440
5.011660099029541,-1,1440
5.011661052703857,-1,1440
5.011662006378174,-1,1440
5.011663913726807,-1,1440
5.012008905410767,1,54
5.013524055480957,-1,276
5.0136590003967285,1,1104
5.0172059535980225,-1,56
5.021095037460327,-1,1354
5.021235942840576,1,66
5.023780107498169,-1,1354
5.023874998092651,1,66
5.025241136550903,-1,1354
5.025243043899536,-1,1354
5.0252439975738525,-1,1354
5.025244951248169,-1,1354
5.025247097015381,-1,1354
5.025249004364014,-1,1354
5.02524995803833,-1,1354
5.0252509117126465,-1,1354
5.025252103805542,-1,1354
5.025253057479858,-1,1354
5.025254964828491,-1,1354
5.025255918502808,-1,1354
5.025257110595703,-1,1354
5.0252580642700195,-1,1354
5.025259971618652,-1,1354
5.025260925292969,-1,1354
5.025262117385864,-1,1354
5.025263071060181,-1,56
5.025406122207642,1,66
5.025444030761719,1,66
5.025990009307861,1,1116
5.061456918716431,-1,138
5.061619997024536,1,66
5.068684101104736,-1,56
5.072749137878418,-1,1440
5.072751998901367,-1,1440
5.073007106781006,1,590
5.073822021484375,-1,1440
5.074392080307007,-1,1440
5.074563980102539,1,54
5.077034950256348,-1,1440
5.07703709602356,-1,1440
5.077038049697876,-1,1440
5.077039957046509,-1,1440
5.077040910720825,-1,1440
5.077043056488037,-1,1440
5.0770440101623535,-1,1440
5.077045917510986,-1,1440
5.077047109603882,-1,1440
5.077048063278198,-1,1440
5.077049970626831,-1,1440
5.0770509243011475,-1,1440
5.077052116394043,-1,1440
5.077054023742676,-1,1440
5.077054977416992,-1,1440
5.077611923217773,1,590
5.078665018081665,-1,1440
5.078666925430298,-1,1440
5.078668117523193,-1,1440
5.07866907119751,-1,1440
5.078670024871826,-1,1440
5.078670978546143,-1,1440
5.078671932220459,-1,1440
5.0786731243133545,-1,1440
5.078674077987671,-1,1440
5.078675985336304,-1,1440
5.07867693901062,-1,1440
5.078678131103516,-1,1440
5.078679084777832,-1,1440
5.078680038452148,-1,1440
5.078680992126465,-1,1440
5.078681945800781,-1,1440
5.078683137893677,-1,1440
5.078684091567993,-1,1440
5.079093933105469,1,590
5.086661100387573,-1,1440
5.086663007736206,-1,1440
5.086729049682617,-1,1440
5.086730003356934,-1,1440
5.086731910705566,-1,1440
5.086988925933838,1,590
5.08840012550354,-1,1440
5.088402986526489,-1,1440
5.088403940200806,-1,1440
5.088406085968018,-1,1440
5.08840799331665,-1,1440
5.088408946990967,-1,1440
5.088409900665283,-1,1440
5.0886430740356445,1,54
5.092951059341431,-1,1440
5.0929529666900635,-1,1440
5.092955112457275,-1,1440
5.093156099319458,1,590
5.118740081787109,-1,56
5.120203018188477,-1,940
5.120326995849609,1,54
5.134716987609863,-1,1440
5.134773015975952,-1,1440
5.1347761154174805,-1,1440
5.134778022766113,-1,1440
5.134982109069824,1,54
5.136372089385986,-1,1440
5.1363749504089355,-1,1440
5.136375904083252,-1,1440
5.1363770961761475,-1,1440
5.136575937271118,1,54
5.139495134353638,-1,1440
5.139523983001709,-1,1440
5.139647006988525,1,590
5.142412900924683,-1,1440
5.142416000366211,-1,1440
5.142421007156372,-1,1440
5.142422914505005,-1,1440
5.142425060272217,-1,1440
5.142426013946533,-1,1440
5.142427921295166,-1,1440
5.1424291133880615,-1,1440
5.142431020736694,-1,1440
5.142431974411011,-1,1440
5.142432928085327,-1,1354
5.1426100730896,1,66
5.142723083496094,1,54
5.228975057601929,-1,1354
5.2291200160980225,1,66
5.229628086090088,-1,1440
5.229630947113037,-1,1440
5.2298290729522705,1,590
5.2323760986328125,-1,1440
5.232378005981445,-1,1354
5.232379913330078,-1,1354
5.23238205909729,-1,1440
5.2323830127716064,-1,1440
5.232383966445923,-1,1440
5.232386112213135,-1,1440
5.232387065887451,-1,1440
5.232388019561768,-1,1440
5.232388973236084,-1,1440
5.232391119003296,-1,1440
5.232392072677612,-1,1440
5.232393980026245,-1,1440
5.2323949337005615,-1,1440
5.232396125793457,-1,1440
5.232397079467773,-1,1354
5.232398986816406,-1,1354
5.232399940490723,-1,1354
5.232402086257935,-1,1354
5.232403039932251,-1,1354
5.232403993606567,-1,1354
5.232404947280884,-1,1354
5.2324059009552,-1,1354
5.232408046722412,-1,1354
5.232409954071045,-1,1354
5.232410907745361,-1,1354
5.232412099838257,-1,1354
5.232413053512573,-1,1354
5.23241400718689,-1,1354
5.2324159145355225,-1,1354
5.232417106628418,-1,1354
5.232418060302734,-1,1354
5.2325990200042725,1,66
5.2326979637146,1,66
5.233182907104492,1,54
5.233187913894653,1,66
5.233557939529419,-1,1354
5.233560085296631,-1,1354
5.233561992645264,-1,1354
5.23356294631958,-1,1354
5.233565092086792,-1,1440
5.233566045761108,-1,1440
5.233567953109741,-1,1440
5.233568906784058,-1,1440
5.233570098876953,-1,1440
5.233572006225586,-1,1440
5.233572959899902,-1,1440
5.233575105667114,-1,1440
5.233576059341431,-1,1440
5.2335779666900635,-1,1440
5.23357892036438,-1,1440
5.233580112457275,-1,1440
5.233581066131592,-1,1440
5.233582019805908,-1,1440
5.233583927154541,-1,1440
5.2335851192474365,-1,1440
5.233587026596069,-1,1440
5.233587980270386,-1,1440
5.233588933944702,-1,1440
5.233590126037598,-1,1440
5.233591079711914,-1,1440
5.233593940734863,-1,1440
5.233595132827759,-1,1440
5.233596086502075,-1,1440
5.233597993850708,-1,1440
5.233599901199341,-1,1440
5.233602046966553,-1,1440
5.233603000640869,-1,1440
5.233736038208008,1,66
5.233766078948975,1,602
5.233768939971924,1,66
5.233850955963135,1,66
5.234040021896362,1,66
5.2345709800720215,-1,1440
5.23457407951355,-1,1440
5.234575986862183,-1,1440
5.234576940536499,-1,1440
5.2345781326293945,-1,1440
5.234580039978027,-1,1440
5.23458194732666,-1,1440
5.234582901000977,-1,1440
5.234584093093872,-1,1440
5.234586000442505,-1,1440
5.234586954116821,-1,1440
5.234587907791138,-1,1440
5.23459005355835,-1,1440
5.234591007232666,-1,1440
5.234591960906982,-1,1440
5.234594106674194,-1,1440
5.234595060348511,-1,1440
5.234596014022827,-1,1440
5.2345969676971436,-1,1440
5.2345991134643555,-1,258
5.2345991134643555,-1,1440
5.234601020812988,-1,1440
5.234601974487305,-1,1440
5.234602928161621,-1,1440
5.234605073928833,-1,1440
5.234606027603149,-1,1440
5.234606981277466,-1,1440
5.234607934951782,-1,1440
5.234610080718994,-1,1440
5.2346110343933105,-1,1440
5.234611988067627,-1,1440
5.234614133834839,-1,1440
5.234750986099243,-1,1440
5.234753131866455,-1,1440
5.2347540855407715,-1,1440
5.234755039215088,-1,1440
5.234755992889404,-1,1440
5.234756946563721,-1,1440
5.234759092330933,-1,1440
5.234760046005249,-1,1440
5.234760999679565,-1,1440
5.234761953353882,-1,1440
5.234762907028198,-1,1440
5.23476505279541,-1,1440
5.234766960144043,-1,56
5.234766960144043,-1,56
5.234767913818359,-1,1440
5.234769105911255,-1,1440
5.234770059585571,-1,1130
5.234771013259888,-1,1440
5.234831094741821,1,602
5.234833002090454,1,66
5.234834909439087,1,1116
5.234889984130859,1,66
5.234937906265259,1,66
5.238570928573608,-1,1440
5.23857307434082,-1,1440
5.238685131072998,1,66
5.256195068359375,-1,1440
5.256197929382324,-1,1440
5.25619912147522,-1,1440
5.256321907043457,1,66
5.2581329345703125,-1,1440
5.258265972137451,1,66
5.2587621212005615,-1,1440
5.258764028549194,-1,1440
5.258764982223511,-1,1440
5.2588770389556885,1,66
5.337844133377075,-1,56
5.425282001495361,-1,1440
5.4254419803619385,1,54
5.426608085632324,1,590
5.426759958267212,-1,56
5.426762104034424,-1,1354
5.42676305770874,-1,1354
5.426764011383057,-1,1354
5.4267659187316895,-1,1354
5.426767110824585,-1,1354
5.426768064498901,-1,1354
5.426769971847534,-1,1354
5.426770925521851,-1,1354
5.426772117614746,-1,1354
5.4267730712890625,-1,1354
5.426774024963379,-1,1354
5.426775932312012,-1,1354
5.426777124404907,-1,1354
5.426778078079224,-1,1354
5.42677903175354,-1,1354
5.4267799854278564,-1,1354
5.426782131195068,-1,1354
5.426783084869385,-1,1354
5.426784038543701,-1,1354
5.426784992218018,-1,1354
5.426785945892334,-1,1354
5.4267871379852295,-1,1354
5.426788091659546,-1,1354
5.426789045333862,-1,1354
5.426790952682495,-1,1354
5.4267919063568115,-1,1354
5.426794052124023,-1,1354
5.426795959472656,-1,1354
5.426796913146973,-1,1354
5.426798105239868,-1,1354
5.426800012588501,-1,1354
5.42692494392395,-1,1354
5.426927089691162,-1,1354
5.4269280433654785,-1,1354
5.426928997039795,-1,66
5.42696213722229,1,66
5.42699408531189,1,66
5.427577018737793,1,1440
5.42762303352356,1,1260
5.42773699760437,1,602
5.428095102310181,1,54
5.42972207069397,1,66
5.432210922241211,1,1440
5.432215929031372,1,1440
5.432322978973389,1,388
5.434108018875122,1,1440
5.434112071990967,1,746
5.494586944580078,1,1440
5.494607925415039,1,790
5.533956050872803,-1,204
5.533957004547119,-1,56
5.534028053283691,1,1126
5.538219928741455,-1,56
5.540417909622192,-1,56
5.547323942184448,-1,1354
5.54732608795166,-1,1354
5.547384023666382,1,602
5.547451019287109,1,66
5.5488739013671875,-1,1354
5.5488739013671875,-1,1354
5.548875093460083,-1,1354
5.548876047134399,-1,1354
5.548876047134399,-1,1354
5.548877000808716,-1,1354
5.548877000808716,-1,1354
5.548877954483032,-1,1354
5.548878908157349,-1,1354
5.54891300201416,1,66
5.548978090286255,1,66
5.557179927825928,1,1440
5.557199954986572,1,254
5.575669050216675,1,1440
5.575670003890991,1,1440
5.575671911239624,1,1440
5.575690984725952,1,1038
5.575701951980591,1,1440
5.575705051422119,1,1440
5.575707912445068,1,452
5.577346086502075,1,1440
5.577347993850708,1,1440
5.577363014221191,1,1352
5.57738995552063,1,1440
5.57738995552063,1,1440
5.577397108078003,1,966
5.581995964050293,-1,1212
5.582021951675415,1,602
5.600861072540283,-1,56
5.612029075622559,1,1440
5.612046957015991,1,768
5.64030909538269,-1,590
5.640393018722534,1,54
5.663130044937134,-1,66
5.663726091384888,-1,56
5.753441095352173,-1,56
5.755302906036377,-1,56
5.7553040981292725,-1,56
5.7553040981292725,-1,56
5.755305051803589,-1,56
5.755306005477905,-1,56
5.755456924438477,-1,1440
5.7554590702056885,-1,1440
5.755460023880005,-1,1440
5.755563974380493,1,54
5.75572395324707,1,54
5.756577968597412,-1,1440
5.7565789222717285,-1,1440
5.7565789222717285,-1,66
5.756580114364624,-1,1440
5.756580114364624,-1,1440
5.75658106803894,-1,1440
5.756582021713257,-1,1440
5.756582975387573,-1,1440
5.756582975387573,-1,1440
5.75658392906189,-1,1440
5.75658392906189,-1,1440
5.756585121154785,-1,1440
5.756586074829102,-1,1440
5.756587028503418,-1,1440
5.756587028503418,-1,1440
5.756587982177734,-1,1440
5.756587982177734,-1,1440
5.756588935852051,-1,1440
5.756590127944946,-1,1440
5.756590127944946,-1,1440
5.756591081619263,-1,1440
5.756591081619263,-1,1440
5.756592035293579,-1,1440
5.7565929889678955,-1,1440
5.7565929889678955,-1,1440
5.756593942642212,-1,1440
5.756593942642212,-1,1440
5.756595134735107,-1,1440
5.756596088409424,-1,1440
5.756596088409424,-1,1440
5.75659704208374,-1,1440
5.756597995758057,-1,1440
5.756597995758057,-1,1440
5.756598949432373,-1,1440
5.756598949432373,-1,56
5.7565999031066895,-1,1440
5.7565999031066895,-1,1440
5.756601095199585,-1,1440
5.756601095199585,-1,880
5.756669998168945,1,1104
5.756670951843262,1,54
5.756680965423584,1,602
5.7566819190979,1,54
5.756699085235596,1,54
5.75688910484314,1,54
5.758172035217285,1,1440
5.758182048797607,1,746
5.775418043136597,-1,1440
5.775418996810913,-1,1440
5.775465965270996,1,54
5.775490999221802,1,54
5.776989936828613,-1,1440
5.776991128921509,-1,1440
5.7770490646362305,1,1104
5.777118921279907,1,54
5.778726100921631,-1,1440
5.778727054595947,-1,1440
5.77872896194458,-1,1440
5.7787299156188965,-1,1440
5.77877402305603,1,54
5.778854131698608,1,54
5.782304048538208,-1,1440
5.782305002212524,-1,1440
5.782342910766602,1,54
5.782412052154541,1,54
5.784570932388306,-1,1440
5.784572124481201,-1,1440
5.784574031829834,-1,1440
5.78457498550415,-1,1440
5.784575939178467,-1,1440
5.784578084945679,-1,1440
5.784582138061523,-1,1440
5.78458309173584,-1,1440
5.784584045410156,-1,1440
5.784630060195923,1,54
5.7847020626068115,1,54
5.785259008407593,-1,1440
5.785259962081909,-1,1440
5.785290002822876,1,590
5.785337924957275,1,54
5.788041114807129,-1,1440
5.788042068481445,-1,1440
5.788084983825684,1,54
5.788167953491211,1,54
5.788327932357788,-1,1440
5.789509057998657,-1,1440
5.789586067199707,1,590
5.791311025619507,-1,1440
5.791311979293823,-1,1440
5.79131293296814,-1,1440
5.79131293296814,-1,1440
5.791314125061035,-1,1440
5.791314125061035,-1,1440
5.79135799407959,1,54
5.791590929031372,-1,1440
5.793393135070801,-1,1440
5.793456077575684,1,54
5.79355001449585,-1,1440
5.793550968170166,-1,1440
5.793551921844482,-1,1440
5.793553113937378,-1,1440
5.793553113937378,-1,1440
5.7935950756073,1,590
5.796080112457275,-1,1440
5.796081066131592,-1,1440
5.796129941940308,1,54
5.797614097595215,-1,1440
5.797615051269531,-1,1440
5.797616004943848,-1,1440
5.797616958618164,-1,1440
5.797662019729614,1,54
5.800802946090698,-1,1440
5.80080509185791,-1,1440
5.800848007202148,1,54
5.802410125732422,-1,1440
5.802412033081055,-1,1440
5.802412986755371,-1,1440
5.8024139404296875,-1,1440
5.802499055862427,1,590
5.803159952163696,-1,1440
5.803162097930908,-1,1440
5.803241014480591,1,54
5.803527116775513,-1,1440
5.804794073104858,-1,1440
5.804795980453491,-1,1440
5.804796934127808,-1,1440
5.804798126220703,-1,1440
5.804800033569336,-1,1440
5.804800987243652,-1,1440
5.8049070835113525,1,54
5.808177947998047,-1,1440
5.808180093765259,-1,1440
5.808290958404541,1,590
5.81001091003418,-1,1440
5.810013055801392,-1,1440
5.810014009475708,-1,1440
5.810014963150024,-1,1440
5.810105085372925,1,54
5.812957048416138,-1,1440
5.8129589557647705,-1,1440
5.813045978546143,1,54
5.81341290473938,-1,1440
5.813415050506592,-1,1440
5.813415050506592,-1,1440
5.813416004180908,-1,1440
5.813416957855225,-1,1440
5.813417911529541,-1,1440
5.8134729862213135,1,54
5.8161749839782715,-1,1440
5.816183090209961,-1,1440
5.816317081451416,1,590
5.818558931350708,-1,1440
5.81856107711792,-1,1440
5.818562030792236,-1,1440
5.818562984466553,-1,1440
5.818563938140869,-1,1440
5.818566083908081,-1,1440
5.818567991256714,-1,1440
5.81856894493103,-1,1440
5.818570137023926,-1,1440
5.818572044372559,-1,1440
5.818572998046875,-1,1440
5.818573951721191,-1,1440
5.818574905395508,-1,1440
5.81857705116272,-1,1440
5.818578004837036,-1,1440
5.818749904632568,1,590
5.820342063903809,-1,1440
5.820343971252441,-1,1440
5.820344924926758,-1,1440
5.820346117019653,-1,1440
5.82034707069397,-1,1440
5.8203489780426025,-1,1440
5.820349931716919,-1,1440
5.820439100265503,1,54
5.82061505317688,-1,1440
5.820616960525513,-1,1440
5.820663928985596,1,590
5.821099042892456,-1,1440
5.821099042892456,-1,1440
5.8210999965667725,-1,1440
5.821129083633423,1,54
5.821906089782715,-1,1440
5.821907043457031,-1,1440
5.821907043457031,-1,1440
5.821941137313843,1,54
5.822009086608887,-1,1440
5.822010040283203,-1,1440
5.822010040283203,-1,1440
5.82204794883728,1,590
5.822091102600098,-1,1440
5.822092056274414,-1,1440
5.8220930099487305,-1,1440
5.822134971618652,1,54
5.822248935699463,-1,1440
5.822250127792358,-1,1440
5.822251081466675,-1,1440
5.822310924530029,1,54
5.823694944381714,-1,1440
5.823696136474609,-1,1440
5.823698043823242,-1,1440
5.823698997497559,-1,1440
5.823699951171875,-1,1440
5.823702096939087,-1,1440
5.823703050613403,-1,1440
5.82370400428772,-1,1440
5.823704957962036,-1,1440
5.8237059116363525,-1,1440
5.8237810134887695,1,54
5.835633993148804,-1,1440
5.83563494682312,-1,1440
5.83575701713562,1,590
5.836591005325317,-1,1440
5.854667901992798,-1,1354
5.85467004776001,-1,1354
5.854671955108643,-1,1354
5.854778051376343,1,66
5.854902982711792,1,66
5.8552820682525635,-1,272
5.85528302192688,-1,1354
5.855283975601196,-1,1354
5.855286121368408,-1,1354
5.855287075042725,-1,1354
5.855368137359619,1,66
5.855426073074341,1,66
5.936907052993774,1,54
5.949245929718018,-1,582
5.949249029159546,-1,56
5.949410915374756,1,54
5.949954986572266,-1,1354
5.949958086013794,-1,1354
5.949958086013794,-1,1354
5.949959993362427,-1,1354
5.949960947036743,-1,1354
5.94996190071106,-1,1354
5.9499640464782715,-1,1354
5.949965000152588,-1,1354
5.9500720500946045,1,66
5.950340032577515,1,66
5.951231956481934,1,1440
5.951265096664429,1,254
5.951308965682983,1,602
5.951623916625977,-1,1354
5.9516260623931885,-1,1354
5.951627016067505,-1,56
5.951627969741821,-1,56
5.951628923416138,-1,1354
5.951630115509033,-1,1354
5.95163106918335,-1,1354
5.951632022857666,-1,1354
5.951632976531982,-1,1354
5.951633930206299,-1,1354
5.951636075973511,-1,56
5.951636075973511,-1,1354
5.9516379833221436,-1,1354
5.95163893699646,-1,1354
5.9516401290893555,-1,1354
5.951641082763672,-1,1354
5.951642036437988,-1,1354
5.951642990112305,-1,1354
5.951643943786621,-1,1354
5.951645135879517,-1,1354
5.951646089553833,-1,1354
5.951647043228149,-1,56
5.951647996902466,-1,56
5.951647996902466,-1,1354
5.951648950576782,-1,1354
5.951649904251099,-1,1354
5.951651096343994,-1,1354
5.951772928237915,1,66
5.952134132385254,1,66
5.964947938919067,-1,1440
5.964951038360596,-1,1440
5.965111017227173,1,54
5.965389966964722,1,54
5.966949939727783,-1,1440
5.966952085494995,-1,1440
5.967061996459961,1,54
5.967236042022705,1,54
5.968677997589111,-1,1440
5.96868109703064,-1,1440
5.968682050704956,-1,1440
5.9686830043792725,-1,1440
5.968778133392334,1,54
5.969167947769165,1,54
5.970647096633911,-1,1440
5.970649003982544,-1,1440
5.970755100250244,1,54
5.97089409828186,1,54
5.9730401039123535,-1,1440
5.97304105758667,-1,1440
5.973042011260986,-1,1440
5.973042964935303,-1,1440
5.973043918609619,-1,1440
5.973045110702515,-1,1440
5.973046064376831,-1,1440
5.9730470180511475,-1,1440
5.973047971725464,-1,1440
5.97304892539978,-1,1440
5.973050117492676,-1,1440
5.973051071166992,-1,1440
5.973052024841309,-1,1440
5.973114967346191,-1,1440
5.973115921020508,-1,1440
5.973117113113403,-1,1440
5.973160982131958,1,54
5.973196983337402,-1,1440
5.9732019901275635,-1,1440
5.9732019901275635,-1,1440
5.973253965377808,1,54
5.973276138305664,-1,1440
5.9732770919799805,-1,1440
5.973278045654297,-1,1440
5.973297119140625,1,54
5.97334098815918,1,54
5.9733970165252686,-1,1440
5.973398923873901,-1,1440
5.973398923873901,-1,1440
5.9734649658203125,1,54
5.973649978637695,1,590
5.975637912750244,-1,1354
5.9756410121917725,-1,1354
5.975641965866089,-1,1354
5.975644111633301,-1,1354
5.975645065307617,-1,1354
5.975646018981934,-1,1354
5.975647926330566,-1,1354
5.975649118423462,-1,1354
5.975650072097778,-1,1440
5.975651979446411,-1,1440
5.9756529331207275,-1,1440
5.975654125213623,-1,1440
5.975656032562256,-1,1440
5.97577691078186,-1,1440
5.975800037384033,1,602
5.975832939147949,1,590
5.975872993469238,-1,1440
5.975874900817871,-1,1440
5.975876092910767,-1,1440
5.975877046585083,-1,1440
5.975878000259399,-1,1440
5.975953102111816,1,54
5.9763219356536865,1,66
5.976324081420898,1,590
5.9771809577941895,-1,1440
5.977260112762451,1,54
5.977689981460571,-1,1440
5.977785110473633,1,590
5.979614019393921,-1,1440
5.979617118835449,-1,1440
5.979618072509766,-1,1440
5.979619979858398,-1,1440
5.979620933532715,-1,1440
5.97962212562561,-1,1440
5.979623079299927,-1,1440
5.97962498664856,-1,1440
5.979625940322876,-1,1440
5.979628086090088,-1,1440
5.979629039764404,-1,1440
5.979629993438721,-1,1440
5.9796319007873535,-1,1440
5.979633092880249,-1,1440
5.979634046554565,-1,1440
5.979635953903198,-1,1440
5.980001926422119,1,590
5.982600927352905,-1,1440
5.982603073120117,-1,1440
5.9827539920806885,-1,1440
5.9827561378479,-1,1440
5.982758045196533,-1,1440
5.982759952545166,-1,1440
5.982762098312378,-1,1440
5.982764005661011,-1,1440
5.982831001281738,1,54
5.982871055603027,-1,1440
5.98287296295166,-1,1440
5.982873916625977,-1,1440
5.982971906661987,1,54
5.983520030975342,-1,1440
5.984821081161499,-1,1440
5.984936952590942,1,590
5.985599040985107,-1,1440
5.985599994659424,-1,1440
5.985677003860474,1,54
5.987371921539307,-1,1440
5.9873740673065186,-1,1440
5.987375020980835,-1,1440
5.987375974655151,-1,1440
5.987378120422363,-1,1440
5.987426042556763,-1,1440
5.987426996231079,-1,1440
5.987428903579712,-1,1440
5.987504005432129,1,54
5.9876320362091064,-1,1440
5.987633943557739,-1,1440
5.987635135650635,-1,1440
5.987736940383911,1,590
5.990063905715942,-1,1440
5.990066051483154,-1,1440
5.990226984024048,1,54
5.9907450675964355,-1,1440
5.990746974945068,-1,1440
5.990884065628052,1,590
5.992064952850342,-1,1440
5.992067098617554,-1,1440
5.992202043533325,1,54
5.992449998855591,-1,1440
5.992451906204224,-1,1440
5.992453098297119,-1,1440
5.9924540519714355,-1,1440
5.992455005645752,-1,1440
5.992455959320068,-1,1440
5.992456912994385,-1,1440
5.992581129074097,1,54
6.000102996826172,-1,1440
6.0001060962677,-1,1440
6.000292062759399,1,590
6.001138925552368,-1,1440
6.00114107131958,-1,1440
6.0013110637664795,1,54
6.002856969833374,-1,1440
6.002859115600586,-1,1440
6.003000974655151,1,54
6.0030999183654785,-1,1440
6.00310206413269,-1,1440
6.003103017807007,-1,1440
6.003180027008057,-1,1440
6.0031819343566895,-1,1440
6.0031819343566895,-1,1440
6.003209114074707,1,54
6.003251075744629,1,54
6.003375053405762,-1,1440
6.003376007080078,-1,1440
6.0033769607543945,-1,1440
6.003443002700806,1,54
6.005051136016846,-1,1440
6.005052089691162,-1,1440
6.005053997039795,-1,1440
6.005054950714111,-1,1440
6.005055904388428,-1,1440
6.005057096481323,-1,1440
6.00505805015564,-1,1440
6.005059003829956,-1,1440
6.0050599575042725,-1,1440
6.005060911178589,-1,1440
6.005218982696533,1,590
6.037182092666626,-1,1440
6.037184953689575,-1,1440
6.037406921386719,1,590
6.039557933807373,-1,1440
6.039560079574585,-1,1440
6.039561986923218,-1,1440
6.039562940597534,-1,1440
6.03956413269043,-1,1440
6.039565086364746,-1,1440
6.039566993713379,-1,1440
6.039567947387695,-1,1440
6.039568901062012,-1,1440
6.039570093154907,-1,1440
6.03957200050354,-1,1440
6.0395729541778564,-1,1440
6.040000915527344,1,590
6.0411601066589355,-1,1440
6.041162967681885,-1,1440
6.041166067123413,-1,1440
6.041168928146362,-1,1440
6.041170120239258,-1,1440
6.041171073913574,-1,1440
6.041173934936523,-1,1440
6.041175127029419,-1,1440
6.041176080703735,-1,1440
6.041177034378052,-1,1440
6.041178941726685,-1,1440
6.04118013381958,-1,1440
6.0411810874938965,-1,1440
6.041642904281616,1,590
6.041917085647583,-1,1440
6.041918992996216,-1,1440
6.042109966278076,1,54
6.0441670417785645,-1,1440
6.044171094894409,-1,1440
6.044173002243042,-1,1440
6.044189929962158,-1,1440
6.044191122055054,-1,1440
6.04419207572937,-1,1440
6.0441930294036865,-1,1440
6.044408082962036,1,54
6.045114040374756,-1,1440
6.045115947723389,-1,1440
6.045283079147339,1,590
6.05599308013916,-1,1320
6.056124925613403,1,54
6.057431936264038,-1,66
6.05743408203125,-1,56
6.069211959838867,-1,1354
6.069216012954712,-1,1354
6.069216966629028,-1,1354
6.06921911239624,-1,1354
6.06929612159729,-1,1354
6.0692970752716064,-1,1354
6.069298982620239,-1,1354
6.06938099861145,1,602
6.069530010223389,1,66
6.069670915603638,1,66
6.0702269077301025,-1,1354
6.071209907531738,-1,1354
6.071310043334961,1,602
6.073530912399292,-1,1354
6.07353401184082,-1,1354
6.073534965515137,-1,1354
6.073535919189453,-1,1354
6.073537111282349,-1,1354
6.073538064956665,-1,1354
6.0735390186309814,-1,1354
6.073539972305298,-1,1354
6.073540925979614,-1,1354
6.07354211807251,-1,1354
6.073544025421143,-1,1354
6.073544979095459,-1,1354
6.073545932769775,-1,1354
6.073547124862671,-1,1354
6.073548078536987,-1,1354
6.073549032211304,-1,1354
6.0735509395599365,-1,1354
6.073552131652832,-1,1354
6.073553085327148,-1,1354
6.073554039001465,-1,1354
6.073554992675781,-1,1354
6.073555946350098,-1,1354
6.073698997497559,1,66
6.0737879276275635,1,66
6.074419021606445,1,602
6.081804990768433,-1,56
6.08390212059021,-1,56
6.091052055358887,-1,56
6.096604108810425,-1,1354
6.096606969833374,-1,1354
6.096609115600586,-1,1354
6.096610069274902,-1,1354
6.096611022949219,-1,1354
6.096611976623535,-1,1354
6.096614122390747,-1,1354
6.0966150760650635,-1,1354
6.096774101257324,1,66
6.097003936767578,1,66
6.0973029136657715,-1,56
6.110851049423218,-1,56
6.137237071990967,-1,1440
6.1372389793396,-1,1440
6.1372411251068115,-1,1440
6.137243032455444,-1,1440
6.137243986129761,-1,1440
6.137244939804077,-1,1440
6.137530088424683,1,54
6.146815061569214,-1,56
6.1512720584869385,-1,56
6.157423973083496,-1,1440
6.157469987869263,-1,1440
6.157706022262573,1,54
6.158024072647095,1,590
6.158273935317993,-1,1440
6.160056114196777,-1,1440
6.160058975219727,-1,1440
6.160295009613037,1,54
6.162621974945068,-1,1388
6.162779092788696,1,54
6.170143127441406,-1,1440
6.1701459884643555,-1,1440
6.170146942138672,-1,1440
6.17057204246521,1,54
6.1721580028533936,-1,1440
6.174875974655151,-1,1440
6.17487907409668,-1,1440
6.174880027770996,-1,1440
6.174881935119629,-1,1440
6.174883127212524,-1,1440
6.174884080886841,-1,1440
6.174885034561157,-1,1440
6.174885988235474,-1,1440
6.1748881340026855,-1,1440
6.174889087677002,-1,1440
6.174890041351318,-1,1440
6.174891948699951,-1,1440
6.174892902374268,-1,1440
6.175410032272339,1,590
6.1755359172821045,-1,1440
6.175538063049316,-1,1440
6.175748109817505,1,54
6.17595911026001,-1,1440
6.175961017608643,-1,1440
6.175962924957275,-1,1440
6.176229000091553,1,54
6.176912069320679,-1,1440
6.176914930343628,-1,1440
6.17691707611084,-1,1440
6.176918029785156,-1,1440
6.177340030670166,1,54
6.178123950958252,-1,1440
6.178126096725464,-1,1440
6.1783270835876465,1,590
6.1783881187438965,-1,1440
6.180704116821289,-1,1440
6.180864095687866,1,54
6.180994033813477,-1,1440
6.180994987487793,-1,1440
6.180997133255005,-1,1440
6.1810760498046875,-1,1440
6.18107795715332,-1,1440
6.181114912033081,1,590
6.1811439990997314,1,54
6.184317111968994,-1,1440
6.184319972991943,-1,1440
6.184485912322998,1,54
6.186774015426636,-1,1440
6.1867759227752686,-1,1440
6.186777114868164,-1,1440
6.1867780685424805,-1,1440
6.186779975891113,-1,1440
6.18678092956543,-1,1440
6.186782121658325,-1,1440
6.186783075332642,-1,1440
6.186784982681274,-1,1440
6.186785936355591,-1,1440
6.187014102935791,1,54
6.18845009803772,-1,1440
6.188452959060669,-1,1440
6.188698053359985,1,590
6.190577030181885,-1,1440
6.190580129623413,-1,1440
6.1905810832977295,-1,1440
6.190582990646362,-1,1440
6.190583944320679,-1,1440
6.190586090087891,-1,1440
6.190587043762207,-1,1440
6.190587997436523,-1,1440
6.19058895111084,-1,1440
6.191080093383789,1,54
6.279508113861084,-1,1354
6.279510021209717,-1,1354
6.279510974884033,-1,1354
6.279513120651245,-1,1354
6.2795140743255615,-1,1354
6.279515027999878,-1,1354
6.279516935348511,-1,1354
6.279518127441406,-1,1354
6.279519081115723,-1,1440
6.279520034790039,-1,1440
6.279521942138672,-1,1440
6.279524087905884,-1,1440
6.2795250415802,-1,1440
6.279525995254517,-1,1440
6.279526948928833,-1,1440
6.279529094696045,-1,1440
6.279530048370361,-1,1440
6.279531002044678,-1,1440
6.2795329093933105,-1,1440
6.279534101486206,-1,1440
6.2795350551605225,-1,1440
6.279536962509155,-1,1440
6.279705047607422,1,602
6.2804388999938965,1,66
6.28093409538269,-1,1440
6.28093695640564,-1,1440
6.280937910079956,-1,1440
6.280939102172852,-1,1440
6.280940055847168,-1,1440
6.280941963195801,-1,1440
6.280942916870117,-1,1440
6.280944108963013,-1,1440
6.280945062637329,-1,1440
6.2809460163116455,-1,1440
6.280946969985962,-1,1440
6.280947923660278,-1,1440
6.280949115753174,-1,1440
6.28095006942749,-1,1440
6.280951023101807,-1,1440
6.2809529304504395,-1,1440
6.280954122543335,-1,1354
6.280955076217651,-1,1354
6.280956029891968,-1,1354
6.280957937240601,-1,1354
6.280959129333496,-1,1354
6.2809600830078125,-1,1354
6.280961036682129,-1,1354
6.280962944030762,-1,1354
6.280964136123657,-1,1354
6.28096604347229,-1,1354
6.2809669971466064,-1,1354
6.280968904495239,-1,1354
6.280970096588135,-1,1354
6.280971050262451,-1,1354
6.280972957611084,-1,1354
6.2809739112854,-1,1354
6.280975103378296,-1,1354
6.280977010726929,-1,1354
6.281095027923584,1,1126
6.2811291217803955,1,602
6.281131982803345,1,66
6.281646966934204,-1,1354
6.281650066375732,-1,1354
6.281651020050049,-1,1354
6.281652927398682,-1,1354
6.281654119491577,-1,1354
6.2816550731658936,-1,1440
6.28165602684021,-1,1440
6.281656980514526,-1,1440
6.281659126281738,-1,1440
6.281660079956055,-1,1440
6.2816619873046875,-1,1440
6.281662940979004,-1,1440
6.281664133071899,-1,1440
6.281666040420532,-1,1440
6.281666994094849,-1,1440
6.281667947769165,-1,1440
6.2816689014434814,-1,1440
6.281671047210693,-1,1440
6.28167200088501,-1,1440
6.281673908233643,-1,1440
6.281675100326538,-1,1440
6.2816760540008545,-1,1440
6.281677007675171,-1,1440
6.281678915023804,-1,1440
6.281680107116699,-1,1440
6.281682014465332,-1,1440
6.281682968139648,-1,1440
6.281683921813965,-1,1440
6.281686067581177,-1,1440
6.281687021255493,-1,1440
6.281688928604126,-1,1440
6.2816901206970215,-1,1440
6.281691074371338,-1,1440
6.281692028045654,-1,1440
6.281692981719971,-1,1440
6.281830072402954,-1,1440
6.2818310260772705,-1,1440
6.281831979751587,-1,1440
6.281832933425903,-1,1440
6.281834125518799,-1,1440
6.281835079193115,-1,1440
6.281870126724243,1,54
6.281872987747192,1,66
6.281907081604004,1,66
6.281981945037842,-1,1440
6.28198504447937,-1,1440
6.282270908355713,-1,1440
6.282273054122925,-1,1440
6.282274007797241,-1,1440
6.282274961471558,-1,1440
6.282275915145874,-1,1440
6.282278060913086,-1,1440
6.282535076141357,1,1440
6.282578945159912,1,746
6.282879114151001,1,54
6.284126043319702,-1,1440
6.284127950668335,-1,1440
6.284130096435547,-1,1440
6.284131050109863,-1,1440
6.28413200378418,-1,1440
6.284132957458496,-1,1440
6.2841339111328125,-1,1440
6.284135103225708,-1,1440
6.284136056900024,-1,1354
6.284137964248657,-1,1354
6.284138917922974,-1,1354
6.284140110015869,-1,1354
6.2841410636901855,-1,1354
6.284142017364502,-1,1354
6.284142971038818,-1,1354
6.284143924713135,-1,1440
6.28414511680603,-1,1440
6.284147024154663,-1,1440
6.2841479778289795,-1,1354
6.284148931503296,-1,1440
6.284150123596191,-1,1440
6.284151077270508,-1,1440
6.284152030944824,-1,1440
6.284153938293457,-1,1440
6.2841551303863525,-1,1440
6.284156084060669,-1,1440
6.284157037734985,-1,1440
6.284158945083618,-1,1440
6.284160137176514,-1,1440
6.28416109085083,-1,1440
6.2841620445251465,-1,1440
6.284162998199463,-1,1440
6.284163951873779,-1,1440
6.284164905548096,-1,1440
6.284166097640991,-1,1440
6.284168004989624,-1,1440
6.284497022628784,1,602
6.284706115722656,1,66
6.285003900527954,1,590
6.285447120666504,-1,1440
6.285449028015137,-1,1440
6.285449981689453,-1,1440
6.2854509353637695,-1,1440
6.2854530811309814,-1,1440
6.285454034805298,-1,1440
6.285454988479614,-1,1440
6.285455942153931,-1,1440
6.285457134246826,-1,1096
6.285458087921143,-1,56
6.285708904266357,1,1440
6.2857489585876465,1,232
6.285861968994141,1,54
6.328629016876221,-1,56
6.332442998886108,1,1440
6.33246111869812,1,254
6.333039045333862,-1,1440
6.333039999008179,-1,1440
6.333082914352417,1,54
6.337399005889893,-1,1440
6.337400913238525,-1,1440
6.337400913238525,-1,1440
6.337467908859253,1,54
6.3390491008758545,-1,1440
6.339818954467773,-1,1440
6.339821100234985,-1,1440
6.339890003204346,1,54
6.354085922241211,-1,1440
6.360662937164307,-1,1440
6.360733985900879,1,54
6.362344980239868,-1,1440
6.362345933914185,-1,1440
6.36234712600708,-1,1440
6.3623480796813965,-1,1440
6.362396001815796,1,54
6.362627983093262,-1,1440
6.362628936767578,-1,1440
6.362662076950073,1,590
6.3629469871521,-1,1440
6.362947940826416,-1,1440
6.362947940826416,-1,1440
6.362978935241699,1,54
6.364763975143433,-1,1440
6.364764928817749,-1,1440
6.364767074584961,-1,1440
6.364768028259277,-1,1440
6.364768981933594,-1,1440
6.36476993560791,-1,1440
6.364772081375122,-1,1440
6.3647730350494385,-1,1440
6.364773988723755,-1,1440
6.364776134490967,-1,1440
6.364777088165283,-1,1440
6.3647780418396,-1,1440
6.364778995513916,-1,1440
6.3649001121521,1,54
6.379534006118774,-1,1440
6.379534959793091,-1,1440
6.37962794303894,1,590
6.380224943161011,-1,1440
6.380226135253906,-1,1440
6.380300998687744,1,54
6.381300926208496,-1,1440
6.381303071975708,-1,1440
6.38137412071228,1,590
6.381778955459595,-1,1440
6.381781101226807,-1,1440
6.381782054901123,-1,1440
6.381830930709839,1,54
6.382982969284058,-1,56
6.4739110469818115,-1,56
6.473912000656128,-1,56
6.475225925445557,-1,56
6.475227117538452,-1,1226
6.4752280712127686,-1,56
6.475229024887085,-1,1440
6.475229978561401,-1,1440
6.475230932235718,-1,1440
6.475232124328613,-1,1440
6.47523307800293,-1,1440
6.475234031677246,-1,1440
6.4752349853515625,-1,1354
6.475235939025879,-1,1354
6.475237131118774,-1,1354
6.475238084793091,-1,1354
6.475239038467407,-1,1354
6.475239992141724,-1,1354
6.47524094581604,-1,1354
6.4752421379089355,-1,1354
6.475243091583252,-1,1354
6.475243091583252,-1,1354
6.475244045257568,-1,1354
6.475244998931885,-1,1354
6.475245952606201,-1,1354
6.475246906280518,-1,1354
6.475248098373413,-1,1354
6.4752490520477295,-1,1354
6.475250005722046,-1,1354
6.475250959396362,-1,1354
6.475251913070679,-1,1354
6.475251913070679,-1,1354
6.475253105163574,-1,1354
6.475254058837891,-1,1354
6.475255012512207,-1,1354
6.475255966186523,-1,1354
6.47525691986084,-1,1354
6.47525691986084,-1,1354
6.475258111953735,-1,1354
6.475259065628052,-1,1354
6.475260019302368,-1,1354
6.475260972976685,-1,1354
6.475261926651001,-1,1354
6.4752631187438965,-1,1354
6.475264072418213,-1,1354
6.475265026092529,-1,1354
6.475265979766846,-1,1354
6.475265979766846,-1,1354
6.475266933441162,-1,1354
6.475398063659668,-1,1354
6.475399017333984,-1,1354
6.475399971008301,-1,1354
6.475400924682617,-1,1354
6.475402116775513,-1,1440
6.475403070449829,-1,1440
6.475430965423584,1,54
6.475462913513184,1,602
6.4754650592803955,1,66
6.475474119186401,1,66
6.475687026977539,1,54
6.476231098175049,1,602
6.476366996765137,1,66
6.476807117462158,-1,1440
6.476808071136475,-1,1440
6.476809024810791,-1,1440
6.476809024810791,-1,66
6.476809978485107,-1,56
6.476809978485107,-1,1440
6.476810932159424,-1,1440
6.476812124252319,-1,1440
6.476812124252319,-1,1440
6.476813077926636,-1,1440
6.476814031600952,-1,1440
6.476814031600952,-1,1440
6.4768149852752686,-1,1440
6.476815938949585,-1,1440
6.476815938949585,-1,1440
6.4768171310424805,-1,1440
6.476818084716797,-1,1440
6.476818084716797,-1,1440
6.476819038391113,-1,1440
6.47681999206543,-1,1440
6.47681999206543,-1,1440
6.476820945739746,-1,1440
6.476822137832642,-1,1440
6.476822137832642,-1,1440
6.476823091506958,-1,1440
6.476824045181274,-1,1440
6.476824045181274,-1,1440
6.476824998855591,-1,1440
6.476825952529907,-1,1440
6.476825952529907,-1,1440
6.476826906204224,-1,1440
6.476828098297119,-1,1440
6.476828098297119,-1,1440
6.4768290519714355,-1,1440
6.476830005645752,-1,1440
6.476830959320068,-1,1440
6.476830959320068,-1,1440
6.476831912994385,-1,1440
6.476903915405273,-1,1440
6.476905107498169,-1,1440
6.476905107498169,-1,1440
6.476921081542969,1,590
6.476922988891602,1,54
6.476944923400879,-1,1440
6.476944923400879,-1,1440
6.476946115493774,-1,1440
6.477046012878418,-1,1440
6.477046966552734,-1,1440
6.477047920227051,-1,1440
6.477047920227051,-1,1440
6.477049112319946,-1,1440
6.477050065994263,-1,1440
6.477124929428101,-1,1440
6.477126121520996,-1,1440
6.4771270751953125,-1,1440
6.477222919464111,-1,1440
6.477224111557007,-1,1440
6.477225065231323,-1,1440
6.4772539138793945,1,54
6.477315902709961,1,54
6.47738790512085,-1,1440
6.477389097213745,-1,1440
6.477389097213745,-1,1440
6.4774370193481445,1,54
6.4774699211120605,-1,1440
6.4774699211120605,-1,1440
6.477471113204956,-1,1440
6.477488994598389,-1,1440
6.477488994598389,-1,1440
6.477489948272705,-1,1440
6.477555990219116,1,54
6.47773003578186,-1,1440
6.477730989456177,-1,1440
6.477731943130493,-1,1440
6.477731943130493,-1,1440
6.477733135223389,-1,1440
6.477734088897705,-1,1440
6.477734088897705,-1,1440
6.477818965911865,-1,1440
6.477819919586182,-1,1440
6.477833032608032,1,54
6.477919101715088,1,54
6.477962970733643,1,1440
6.4779651165008545,1,1440
6.477971076965332,1,388
6.479872941970825,-1,1440
6.479875087738037,-1,1440
6.4798760414123535,-1,1440
6.47987699508667,-1,1440
6.479877948760986,-1,1440
6.479878902435303,-1,1440
6.479880094528198,-1,1440
6.479882001876831,-1,1440
6.4798829555511475,-1,1440
6.479883909225464,-1,1440
6.479885101318359,-1,1440
6.479886054992676,-1,1440
6.479887008666992,-1,1440
6.479887962341309,-1,1440
6.479888916015625,-1,1440
6.4798901081085205,-1,1440
6.479891061782837,-1,1440
6.479892015457153,-1,1440
6.47989296913147,-1,1440
6.479893922805786,-1,1440
6.479895114898682,-1,1440
6.479896068572998,-1,1440
6.4798970222473145,-1,1440
6.479897975921631,-1,1440
6.479898929595947,-1,1440
6.479898929595947,-1,1440
6.479900121688843,-1,1440
6.479901075363159,-1,1440
6.479902029037476,-1,1440
6.479902982711792,-1,1440
6.479903936386108,-1,1440
6.479905128479004,-1,1440
6.480191946029663,-1,1440
6.480193138122559,-1,1440
6.480194091796875,-1,1440
6.480194091796875,-1,1440
6.480195045471191,-1,1440
6.480195999145508,-1,1440
6.480196952819824,-1,1440
6.480197906494141,-1,1440
6.480199098587036,-1,1440
6.4802000522613525,-1,1440
6.480201005935669,-1,1440
6.480201959609985,-1,1440
6.480202913284302,-1,1440
6.480204105377197,-1,1440
6.480205059051514,-1,1440
6.4802470207214355,1,1104
6.48031210899353,-1,1440
6.480314016342163,-1,1440
6.480314016342163,-1,1440
6.4803149700164795,-1,1440
6.480315923690796,-1,1440
6.480317115783691,-1,1440
6.480448961257935,1,54
6.4816200733184814,1,1440
6.481629133224487,1,1260
6.487934112548828,-1,56
6.495409965515137,-1,1440
6.495412111282349,-1,1440
6.495485067367554,1,54
6.49790096282959,-1,1440
6.499488115310669,-1,1440
6.499490022659302,-1,1440
6.499490976333618,-1,1440
6.499491930007935,-1,1440
6.499567985534668,1,54
6.505500078201294,-1,1440
6.50550103187561,-1,1440
6.505501985549927,-1,1440
6.505574941635132,1,54
6.514523983001709,-1,1440
6.514524936676025,-1,1440
6.514527082443237,-1,1440
6.514616966247559,1,54
6.5177390575408936,-1,1440
6.51774001121521,-1,1440
6.517740964889526,-1,1440
6.517815113067627,1,590
6.52318000793457,-1,1440
6.523181915283203,-1,1440
6.523183107376099,-1,1440
6.5231850147247314,-1,1440
6.523283958435059,1,54
6.523540019989014,-1,1440
6.523543119430542,-1,1440
6.523699998855591,1,54
6.539139032363892,-1,1440
6.539140939712524,-1,1440
6.53914213180542,-1,1440
6.539348125457764,1,590
6.5435850620269775,-1,1440
6.545903921127319,-1,1440
6.545906066894531,-1,1440
6.545907020568848,-1,1440
6.5459089279174805,-1,1440
6.545910120010376,-1,1440
6.545911073684692,-1,1440
6.545912981033325,-1,1440
6.546035051345825,1,54
6.546838998794556,-1,1440
6.5468409061431885,-1,1440
6.546925067901611,1,54
6.56339693069458,-1,1440
6.563400030136108,-1,1440
6.563525915145874,1,590
6.564090013504028,-1,1440
6.565819978713989,-1,1440
6.565822124481201,-1,1440
6.565823078155518,-1,1440
6.565917015075684,1,54
6.568243026733398,-1,1440
6.568243980407715,-1,1440
6.568244934082031,-1,1440
6.568246126174927,-1,1440
6.56824803352356,-1,1440
6.568320035934448,1,54
6.568372011184692,-1,1440
6.568372964859009,-1,1440
6.568428993225098,1,54
6.583086967468262,-1,1266
6.583234071731567,1,590
6.585242986679077,-1,56
6.58574104309082,-1,56
6.590066909790039,-1,1440
6.590068101882935,-1,1440
6.590166091918945,1,54
6.5902419090271,1,54
6.590291976928711,-1,56
6.596084117889404,-1,1354
6.596085071563721,-1,1354
6.596153020858765,1,1116
6.596228122711182,1,66
6.597723960876465,-1,1354
6.597724914550781,-1,1354
6.597726106643677,-1,1354
6.597727060317993,-1,1354
6.59772801399231,-1,1354
6.597728967666626,-1,1354
6.597729921340942,-1,1354
6.597731113433838,-1,1354
6.597732067108154,-1,1354
6.597733020782471,-1,1354
6.597733974456787,-1,1354
6.5977349281311035,-1,1354
6.597736120223999,-1,1354
6.597737073898315,-1,1354
6.597738027572632,-1,1354
6.597738981246948,-1,1354
6.597739934921265,-1,1354
6.59774112701416,-1,1354
6.59774112701416,-1,1354
6.597742080688477,-1,1354
6.597743034362793,-1,1354
6.597743988037109,-1,1354
6.597744941711426,-1,1354
6.597746133804321,-1,1354
6.597747087478638,-1,1354
6.597748041152954,-1,1354
6.5977489948272705,-1,1354
6.597749948501587,-1,1354
6.597750902175903,-1,1354
6.597752094268799,-1,1354
6.597753047943115,-1,1354
6.597754001617432,-1,1354
6.597846031188965,1,602
6.597846984863281,1,66
6.597908973693848,-1,1354
6.597909927368164,-1,1354
6.59791111946106,-1,1354
6.597912073135376,-1,1354
6.597913026809692,-1,1354
6.597913980484009,-1,1354
6.597914934158325,-1,1354
6.597916126251221,-1,1354
6.5979530811309814,1,602
6.598608016967773,1,66
6.6012349128723145,1,1440
6.60125207901001,1,254
6.620216131210327,-1,1440
6.634727954864502,-1,1440
6.634804964065552,1,1104
6.635067939758301,-1,1440
6.635069131851196,-1,1440
6.635070085525513,-1,1440
6.635071039199829,-1,1440
6.6350719928741455,-1,1440
6.63513708114624,1,54
6.657215118408203,-1,1440
6.6572160720825195,-1,1440
6.657217025756836,-1,1440
6.65731406211853,1,54
6.657426118850708,1,54
6.66015100479126,-1,1440
6.660152912139893,-1,1440
6.660154104232788,-1,1440
6.660156011581421,-1,1440
6.660290002822876,1,590
6.661844968795776,-1,1440
6.661845922470093,-1,1440
6.661848068237305,-1,1440
6.661849021911621,-1,1440
6.661937952041626,1,54
6.662575960159302,-1,1440
6.662576913833618,-1,1440
6.662657022476196,1,54
6.663088083267212,-1,1440
6.663089036941528,-1,1440
6.663089990615845,-1,1440
6.6631410121917725,1,590
6.664361000061035,-1,1440
6.664362907409668,-1,1440
6.6643640995025635,-1,1440
6.66436505317688,-1,1440
6.664366006851196,-1,1440
6.664367914199829,-1,1440
6.664369106292725,-1,1440
6.664459943771362,1,54
6.665156126022339,-1,1440
6.665157079696655,-1,1440
6.6652140617370605,1,54
6.666991949081421,-1,1440
6.666994094848633,-1,1440
6.666995048522949,-1,1440
6.666996955871582,-1,1440
6.666997909545898,-1,1440
6.666999101638794,-1,1440
6.667001008987427,-1,1440
6.667001962661743,-1,1440
6.667006969451904,-1,1440
6.667009115219116,-1,1440
6.667010068893433,-1,1440
6.667011976242065,-1,1440
6.667012929916382,-1,1440
6.667014122009277,-1,1440
6.667015075683594,-1,1440
6.667016983032227,-1,1440
6.667017936706543,-1,1440
6.6670191287994385,-1,1440
6.667021036148071,-1,1440
6.667022943496704,-1,1440
6.6670241355896,-1,1440
6.667026042938232,-1,1440
6.667026996612549,-1,1440
6.667027950286865,-1,1440
6.667129993438721,-1,1440
6.667130947113037,-1,1440
6.6671319007873535,-1,1440
6.667306900024414,1,1126
6.6687400341033936,-1,1440
6.66874098777771,-1,1440
6.668741941452026,-1,1440
6.668743133544922,-1,1440
6.668744087219238,-1,1440
6.668745040893555,-1,1440
6.668828010559082,1,590
6.669919967651367,-1,1440
6.669920921325684,-1,1440
6.669922113418579,-1,1440
6.6699230670928955,-1,1440
6.669924020767212,-1,1440
6.669924974441528,-1,1440
6.669925928115845,-1,1440
6.66992712020874,-1,1440
6.669928073883057,-1,1440
6.669929027557373,-1,1440
6.6699299812316895,-1,1440
6.669930934906006,-1,1440
6.669933080673218,-1,1440
6.669934034347534,-1,1440
6.669934988021851,-1,1440
6.669935941696167,-1,1440
6.6699371337890625,-1,1440
6.669938087463379,-1,1440
6.669939041137695,-1,1440
6.669939994812012,-1,1440
6.669939994812012,-1,1440
6.669940948486328,-1,1440
6.6699419021606445,-1,1440
6.66994309425354,-1,1440
6.6699440479278564,-1,1440
6.669945001602173,-1,1440
6.669945955276489,-1,1440
6.669946908950806,-1,1440
6.669948101043701,-1,1440
6.669949054718018,-1,1440
6.669950008392334,-1,1440
6.66995096206665,-1,1440
6.669951915740967,-1,1440
6.6701860427856445,1,590
6.671834945678711,-1,1440
6.671837091445923,-1,1440
6.671838045120239,-1,1440
6.671839952468872,-1,1440
6.6718409061431885,-1,1440
6.671842098236084,-1,1440
6.6718430519104,-1,1440
6.671844959259033,-1,1440
6.67184591293335,-1,1440
6.6718480587005615,-1,1440
6.671849012374878,-1,1440
6.671850919723511,-1,1440
6.671852111816406,-1,1440
6.671854019165039,-1,1440
6.6718549728393555,-1,1440
6.671855926513672,-1,1440
6.671857118606567,-1,1440
6.671858072280884,-1,1440
6.671859979629517,-1,1440
6.671860933303833,-1,1440
6.6718621253967285,-1,1440
6.671863079071045,-1,1440
6.671864986419678,-1,1440
6.671865940093994,-1,1440
6.67186713218689,-1,1440
6.671868085861206,-1,1440
6.671869993209839,-1,1440
6.671870946884155,-1,1440
6.671871900558472,-1,1440
6.671874046325684,-1,1440
6.671875,-1,1440
6.671875953674316,-1,1440
6.671876907348633,-1,1440
6.671879053115845,-1,1440
6.671880006790161,-1,1440
6.671881914138794,-1,1440
6.6718831062316895,-1,1440
6.672200918197632,1,1104
6.672406911849976,-1,1440
6.672408103942871,-1,1440
6.6724090576171875,-1,1440
6.672410011291504,-1,1440
6.672460079193115,1,54
6.673654079437256,1,1440
6.673661947250366,1,746
6.675816059112549,-1,1440
6.675817012786865,-1,1440
6.675903081893921,1,54
6.689579010009766,-1,596
6.689662933349609,1,54
6.691946983337402,-1,1440
6.691947937011719,-1,1440
6.691949129104614,-1,1440
6.691950082778931,-1,1440
6.691950082778931,-1,1440
6.691951036453247,-1,1440
6.6919519901275635,-1,1440
6.6920270919799805,1,54
6.692065000534058,-1,1440
6.692065954208374,-1,1440
6.692131042480469,1,590
6.694266080856323,-1,1440
6.69426703453064,-1,1440
6.694267988204956,-1,1440
6.6942689418792725,-1,1440
6.694270133972168,-1,1440
6.69432806968689,1,54
6.694900035858154,-1,1440
6.707581996917725,-1,56
6.794084072113037,1,590
6.8048200607299805,-1,1354
6.804821968078613,-1,1354
6.804824113845825,-1,1354
6.804825067520142,-1,1354
6.804826021194458,-1,1354
6.804826974868774,-1,1440
6.804829120635986,-1,1354
6.804830074310303,-1,1354
6.804831027984619,-1,1354
6.804832935333252,-1,1354
6.804835081100464,-1,1354
6.80483603477478,-1,1354
6.804836988449097,-1,1354
6.804839134216309,-1,1354
6.804840087890625,-1,1354
6.804841041564941,-1,1354
6.804842948913574,-1,1354
6.804843902587891,-1,1354
6.8048460483551025,-1,1354
6.804847002029419,-1,1354
6.804847955703735,-1,1354
6.804848909378052,-1,1354
6.804851055145264,-1,1354
6.80485200881958,-1,1354
6.8048529624938965,-1,1354
6.804855108261108,-1,1354
6.804856061935425,-1,1354
6.804857969284058,-1,1354
6.804858922958374,-1,1354
6.8048601150512695,-1,1354
6.804861068725586,-1,1354
6.804862976074219,-1,1354
6.804863929748535,-1,1354
6.804865121841431,-1,1354
6.804866075515747,-1,1354
6.80486798286438,-1,1354
6.804868936538696,-1,1354
6.804871082305908,-1,1354
6.804872035980225,-1,1354
6.804872989654541,-1,1354
6.804873943328857,-1,1354
6.804876089096069,-1,1354
6.804877042770386,-1,1354
6.804877996444702,-1,1440
6.804879903793335,-1,1440
6.8048810958862305,-1,1440
6.804882049560547,-1,1440
6.80488395690918,-1,1440
6.804884910583496,-1,1440
6.804887056350708,-1,1440
6.804888010025024,-1,1440
6.804888963699341,-1,1440
6.804891109466553,-1,1440
6.804892063140869,-1,1440
6.8048930168151855,-1,1440
6.804894924163818,-1,1440
6.804896116256714,-1,1440
6.80489706993103,-1,1440
6.804898023605347,-1,1440
6.8048999309539795,-1,1440
6.804901123046875,-1,1440
6.804903030395508,-1,1440
6.804903984069824,-1,1440
6.804906129837036,-1,1440
6.8049070835113525,-1,1440
6.804908037185669,-1,1440
6.805210113525391,1,1116
6.80521297454834,1,66
6.805216073989868,1,54
6.8062050342559814,1,54
6.807384967803955,1,1138
6.807470083236694,-1,56
6.807471036911011,-1,1440
6.807471990585327,-1,1440
6.807474136352539,-1,1440
6.8074750900268555,-1,1440
6.807476043701172,-1,1440
6.807476997375488,-1,1440
6.807477951049805,-1,1440
6.807478904724121,-1,1440
6.807481050491333,-1,1440
6.807482004165649,-1,56
6.807482957839966,-1,56
6.807482957839966,-1,1440
6.807483911514282,-1,1440
6.807485103607178,-1,1440
6.807486057281494,-1,292
6.807631969451904,1,590
6.807712078094482,1,54
6.808902025222778,1,590
6.809078931808472,1,602
6.8139729499816895,1,1440
6.814001083374023,1,276
6.831816911697388,-1,1440
6.8318190574646,-1,1440
6.831871032714844,-1,1440
6.831952095031738,1,54
6.832019090652466,1,54
6.832082986831665,1,54
6.833218097686768,-1,1440
6.833219051361084,-1,1440
6.833270072937012,1,54
6.8333659172058105,1,54
6.834222078323364,-1,1440
6.834288120269775,1,54
6.836863994598389,-1,1440
6.836864948272705,-1,1440
6.836929082870483,1,54
6.83700704574585,1,54
6.837206125259399,-1,1440
6.837242126464844,1,54
6.839272975921631,-1,1440
6.83931303024292,1,54
6.839504957199097,-1,1440
6.839545965194702,1,54
6.8417649269104,-1,1440
6.841766119003296,-1,1440
6.841767072677612,-1,1440
6.841767072677612,-1,1440
6.84182596206665,1,54
6.855462074279785,-1,1440
6.855463027954102,-1,1440
6.855464935302734,-1,1440
6.8555591106414795,1,590
6.856822967529297,-1,1440
6.859419107437134,-1,1440
6.85942006111145,-1,1440
6.859421014785767,-1,1440
6.859421968460083,-1,1440
6.859507083892822,1,54
6.8605921268463135,-1,1440
6.86059308052063,-1,1440
6.860673904418945,1,54
6.8661510944366455,-1,1440
6.866152048110962,-1,1440
6.866153001785278,-1,1440
6.866219997406006,1,590
6.881340026855469,-1,1440
6.886653900146484,-1,1440
6.886790037155151,1,54
6.888598918914795,-1,1440
6.88860011100769,-1,1440
6.888602018356323,-1,1440
6.88860297203064,-1,1440
6.888605117797852,-1,1440
6.888606071472168,-1,1440
6.888607025146484,-1,1440
6.888608932495117,-1,1440
6.888610124588013,-1,1440
6.888611078262329,-1,1440
6.888612985610962,-1,1440
6.888613939285278,-1,1440
6.888615131378174,-1,1440
6.888617038726807,-1,1440
6.888617992401123,-1,1440
6.888854026794434,-1,1440
6.88885498046875,-1,1440
6.888857126235962,-1,1440
6.888941049575806,1,590
6.890716075897217,-1,1440
6.890717029571533,-1,1440
6.89071798324585,-1,1440
6.890718936920166,-1,1440
6.8907201290130615,-1,1440
6.890721082687378,-1,1440
6.890722990036011,-1,1440
6.890798091888428,1,590
6.891340970993042,-1,1440
6.891343116760254,-1,1440
6.89134407043457,-1,1440
6.8914220333099365,1,54
6.89339804649353,-1,1440
6.895569086074829,-1,1440
6.8955700397491455,-1,1440
6.895571947097778,-1,1440
6.895572900772095,-1,1440
6.89557409286499,-1,1440
6.895576000213623,-1,1440
6.8955769538879395,-1,1440
6.895577907562256,-1,1440
6.895580053329468,-1,1440
6.895581007003784,-1,1440
6.895581960678101,-1,1440
6.8955841064453125,-1,1440
6.895585060119629,-1,1440
6.895586013793945,-1,1440
6.895586967468262,-1,1440
6.895589113235474,-1,1440
6.895646095275879,-1,1440
6.895647048950195,-1,1440
6.895863056182861,1,1126
6.897967100143433,-1,1440
6.897969007492065,-1,1440
6.897969961166382,-1,1440
6.897970914840698,-1,1440
6.89797306060791,-1,1440
6.897974014282227,-1,1440
6.897974967956543,-1,1440
6.897975921630859,-1,1440
6.898087978363037,1,54
6.901542901992798,-1,1440
6.901544094085693,-1,1440
6.901621103286743,1,590
6.997643947601318,-1,56
6.9983179569244385,-1,1142
6.998321056365967,-1,56
6.998321056365967,-1,1354
6.9983229637146,-1,1354
6.9983909130096436,-1,1354
6.9983930587768555,-1,1354
6.998394966125488,-1,1354
6.998969078063965,1,66
6.999068975448608,-1,1354
6.999069929122925,-1,1354
6.999072074890137,-1,1354
6.999073028564453,-1,1354
6.9990739822387695,-1,1354
6.9990761280059814,-1,1354
6.999077081680298,-1,1354
6.999078989028931,-1,1354
6.999081134796143,-1,1354
6.999082088470459,-1,1354
6.999083995819092,-1,1354
6.999084949493408,-1,1354
6.99908709526062,-1,1354
6.9990880489349365,-1,1354
6.999089002609253,-1,1354
6.999090909957886,-1,1354
6.999092102050781,-1,1354
6.999181032180786,-1,1354
6.999226093292236,1,66
6.999285936355591,1,54
7.000946044921875,-1,1354
7.000948905944824,-1,1354
7.00095009803772,-1,1354
7.0009520053863525,-1,1354
7.000952959060669,-1,1354
7.000953912734985,-1,1354
7.000955104827881,-1,1354
7.000956058502197,-1,1354
7.00095796585083,-1,1354
7.0009589195251465,-1,1354
7.000960111618042,-1,1354
7.000962018966675,-1,1354
7.000962972640991,-1,1354
7.000963926315308,-1,1354
7.000965118408203,-1,1354
7.000967025756836,-1,1354
7.000967979431152,-1,1354
7.000970125198364,-1,1354
7.000971078872681,-1,1354
7.000972032546997,-1,1354
7.00097393989563,-1,642
7.00097393989563,-1,56
7.000975131988525,-1,56
7.001100063323975,1,66
7.001106023788452,1,602
7.00114107131958,1,66
7.002551078796387,1,602
7.007373094558716,-1,56
7.0075109004974365,1,590
7.106192111968994,-1,590
7.106421947479248,1,54
7.118693113327026,-1,1354
7.118695020675659,-1,1354
7.118834018707275,1,1116
7.119134902954102,1,66
7.119341135025024,-1,1354
7.119342088699341,-1,1354
7.11943507194519,1,66
7.119539022445679,1,66
7.121212005615234,-1,1354
7.121213912963867,-1,1354
7.121215105056763,-1,1354
7.1212170124053955,-1,1354
7.121217966079712,-1,1354
7.121218919754028,-1,1354
7.12122106552124,-1,1354
7.121222019195557,-1,1354
7.121222972869873,-1,1354
7.1212239265441895,-1,1354
7.121226072311401,-1,1354
7.121227025985718,-1,1354
7.121227979660034,-1,1354
7.121230125427246,-1,1354
7.1212310791015625,-1,1354
7.121232032775879,-1,1354
7.121233940124512,-1,1354
7.121235132217407,-1,1354
7.121236085891724,-1,1354
7.12123703956604,-1,1354
7.121238946914673,-1,1354
7.121239900588989,-1,1354
7.121241092681885,-1,1354
7.121242046356201,-1,1354
7.121243953704834,-1,1354
7.12124490737915,-1,1354
7.121246099472046,-1,1354
7.121247053146362,-1,1354
7.121248960494995,-1,1354
7.1212499141693115,-1,1354
7.121251106262207,-1,1354
7.12125301361084,-1,1354
7.121253967285156,-1,1354
7.121254920959473,-1,1354
7.121256113052368,-1,1354
7.121258020401001,-1,1354
7.121397972106934,1,66
7.1214470863342285,-1,1354
7.121448993682861,-1,1354
7.121449947357178,-1,1354
7.121450901031494,-1,1354
7.121614933013916,1,66
7.121639966964722,1,66
7.125651121139526,1,1354
7.1258299350738525,1,364
7.126259088516235,1,66
7.156605005264282,-1,56
7.156754970550537,1,1126
7.161447048187256,-1,654
7.16156792640686,1,66
7.212738990783691,-1,590
7.212965965270996,1,54
7.2380290031433105,-1,1354
7.238188028335571,1,66
7.326189994812012,-1,1354
7.3261919021606445,-1,1354
7.326307058334351,1,66
7.326636075973511,1,66
7.3280861377716064,-1,1354
7.328087091445923,-1,1354
7.328088998794556,-1,1354
7.328205108642578,1,66
7.32843804359436,1,602
7.329369068145752,-1,1354
7.329370975494385,-1,1354
7.329371929168701,-1,1354
7.329374074935913,-1,1354
7.3293750286102295,-1,1354
7.329376935958862,-1,1354
7.329378128051758,-1,1354
7.329379081726074,-1,1354
7.329380035400391,-1,1354
7.329380989074707,-1,1354
7.329383134841919,-1,1354
7.329384088516235,-1,1354
7.329385042190552,-1,1354
7.329385995864868,-1,1354
7.329387903213501,-1,1354
7.3293890953063965,-1,1354
7.329390048980713,-1,1354
7.329391002655029,-1,1354
7.329391956329346,-1,1354
7.329394102096558,-1,1354
7.329395055770874,-1,1354
7.32939600944519,-1,1354
7.329396963119507,-1,1354
7.329397916793823,-1,1354
7.329400062561035,-1,1354
7.329401016235352,-1,1354
7.329401969909668,-1,1354
7.329402923583984,-1,1354
7.32940411567688,-1,1354
7.329406023025513,-1,842
7.329406976699829,-1,56
7.329566955566406,1,66
7.32965612411499,1,66
7.329701900482178,1,66
7.329761028289795,1,66
7.329841136932373,1,590
7.330296993255615,1,602
7.3351030349731445,1,1440
7.335222005844116,1,232
7.395201921463013,1,1440
7.395222902297974,1,254
7.522151947021484,-1,56
7.522155046463013,-1,56
7.522587060928345,-1,66
7.5225911140441895,-1,66
7.522768020629883,1,602
7.522853136062622,1,1126
7.523041009902954,-1,56
7.592139959335327,-1,1440
7.5921430587768555,-1,232
7.592404127120972,1,54
7.5960540771484375,1,1440
7.596095085144043,1,254
7.629831075668335,-1,56
7.682477951049805,-1,66
7.698446035385132,-1,1104
7.6986730098724365,1,54
7.702034950256348,-1,66
7.70203709602356,-1,56
7.70215106010437,1,1104
7.7077319622039795,-1,1440
7.809592008590698,1,54
7.850522994995117,-1,1440
7.850661039352417,1,54
7.851495981216431,-1,1440
7.851498126983643,-1,1080
7.851499080657959,-1,56
7.851602077484131,1,54
7.851891040802002,1,590
7.8811469078063965,-1,1440
7.881271123886108,1,54
7.895962953567505,-1,1440
7.895965099334717,-1,1440
7.895966053009033,-1,1440
7.896120071411133,1,1104
7.896358966827393,1,54
7.89852499961853,-1,1440
7.89864706993103,1,54
7.911555051803589,1,1440
7.911577939987183,1,1260
7.9135661125183105,1,1440
7.913567066192627,1,1440
7.91358208656311,1,1352
7.936794996261597,1,1440
7.936795949935913,1,1440
7.936795949935913,1,1440
7.936820030212402,1,138
7.957520008087158,-1,944
7.957587957382202,1,54
7.958802938461304,-1,56
7.960196018218994,1,1440
7.960257053375244,1,1282
8.047372102737427,-1,56
8.048032999038696,-1,56
8.049659013748169,-1,56
8.049659967422485,-1,56
8.049659967422485,-1,56
8.049660921096802,-1,66
8.049662113189697,-1,56
8.049767971038818,1,590
8.092467069625854,-1,1440
8.0924711227417,-1,1440
8.092473983764648,-1,902
8.092602968215942,1,54
8.092742919921875,1,54
8.127633094787598,-1,1440
8.127742052078247,1,54
8.129523038864136,-1,1440
8.129524946212769,-1,1440
8.12952709197998,-1,1440
8.129528045654297,-1,1440
8.129528999328613,-1,1440
8.129530906677246,-1,1440
8.129532098770142,-1,1440
8.129632949829102,1,54
8.129785060882568,1,54
8.132146120071411,-1,1440
8.132148027420044,-1,1440
8.132251977920532,1,590
8.132359981536865,-1,1440
8.132362127304077,-1,1440
8.132363080978394,-1,1440
8.132415056228638,1,54
8.132508039474487,1,54
8.134083986282349,-1,1440
8.134084939956665,-1,1440
8.134087085723877,-1,1440
8.134088039398193,-1,1440
8.134089946746826,-1,1440
8.134090900421143,-1,1440
8.134092092514038,-1,1440
8.134093999862671,-1,1440
8.134176015853882,1,54
8.134273052215576,1,54
8.134700059890747,-1,1440
8.134701013565063,-1,1440
8.13473105430603,1,590
8.134793996810913,1,54
8.136106014251709,-1,1440
8.136107921600342,-1,1440
8.136109113693237,-1,1440
8.13611102104187,-1,1440
8.13617205619812,1,54
8.136225938796997,1,54
8.136488914489746,-1,1440
8.136490106582642,-1,1440
8.136514902114868,1,54
8.13656210899353,1,54
8.138561964035034,-1,1440
8.138565063476562,-1,1440
8.138566017150879,-1,1440
8.138566970825195,-1,1440
8.138567924499512,-1,1440
8.138569116592407,-1,1440
8.13857102394104,-1,1440
8.138727903366089,1,590
8.138957977294922,-1,1440
8.138960123062134,-1,1440
8.139023065567017,1,54
8.139226913452148,-1,1440
8.13922905921936,-1,1440
8.139230012893677,-1,1440
8.139230966567993,-1,1440
8.13923192024231,-1,1440
8.139286041259766,1,54
8.140815019607544,-1,1440
8.140816926956177,-1,1440
8.140818119049072,-1,1440
8.140819072723389,-1,1440
8.140820026397705,-1,1440
8.140820980072021,-1,1440
8.140823125839233,-1,1440
8.14082407951355,-1,1440
8.140825033187866,-1,1440
8.140826940536499,-1,1440
8.140829086303711,-1,1440
8.140830039978027,-1,1440
8.14083194732666,-1,1440
8.140832901000977,-1,1440
8.140834093093872,-1,1440
8.141215085983276,1,1126
8.141973972320557,-1,1440
8.141976118087769,-1,1440
8.141977071762085,-1,1440
8.141978025436401,-1,1440
8.141978979110718,-1,1440
8.141979932785034,-1,1440
8.141982078552246,-1,1440
8.141983032226562,-1,1440
8.141983985900879,-1,1440
8.141984939575195,-1,1440
8.14198613166809,-1,1440
8.141988039016724,-1,1440
8.14198899269104,-1,1440
8.141989946365356,-1,1440
8.141990900039673,-1,1440
8.141993045806885,-1,1440
8.141993999481201,-1,1440
8.142534017562866,1,590
8.143494129180908,-1,1440
8.143496036529541,-1,1440
8.143496990203857,-1,1440
8.143497943878174,-1,1440
8.14349913597107,-1,1440
8.143500089645386,-1,1440
8.143501996994019,-1,1440
8.143502950668335,-1,1440
8.143503904342651,-1,1440
8.14350700378418,-1,1440
8.14355993270874,-1,1440
8.144505023956299,1,54
8.147017002105713,-1,1440
8.149240016937256,-1,1440
8.1492440700531,-1,1440
8.149245023727417,-1,1440
8.14924693107605,-1,1440
8.149248123168945,-1,1440
8.149250030517578,-1,1440
8.149250984191895,-1,1440
8.149253129959106,-1,1440
8.149254083633423,-1,1440
8.149255990982056,-1,1440
8.149256944656372,-1,1440
8.149258136749268,-1,1440
8.1492600440979,-1,1440
8.149260997772217,-1,1440
8.14926290512085,-1,1440
8.149264097213745,-1,1440
8.149265050888062,-1,1440
8.149266958236694,-1,1440
8.149528980255127,1,1440
8.149555921554565,1,254
8.149600982666016,1,54
8.152308940887451,-1,56
8.15358304977417,-1,1440
8.196630954742432,-1,56
8.198812007904053,-1,1440
8.198813915252686,-1,1440
8.198815107345581,-1,1440
8.198817014694214,-1,1440
8.198982954025269,-1,1440
8.198993921279907,-1,1440
8.19906210899353,1,54
8.199145078659058,1,54
8.234091997146606,-1,1440
8.234092950820923,-1,1440
8.234215021133423,1,590
8.23542594909668,-1,1440
8.235426902770996,-1,1440
8.235491037368774,1,54
8.236334085464478,-1,1440
8.236335039138794,-1,1440
8.236336946487427,-1,1440
8.236337900161743,-1,1440
8.236337900161743,-1,1440
8.236393928527832,1,54
8.236563920974731,-1,1440
8.236627101898193,1,590
8.238655090332031,-1,1440
8.238656044006348,-1,1440
8.238656044006348,-1,1440
8.238656997680664,-1,1440
8.23865795135498,-1,1440
8.23865795135498,-1,1440
8.238658905029297,-1,1440
8.238660097122192,-1,1440
8.23875093460083,1,54
8.24000597000122,-1,1440
8.240006923675537,-1,1440
8.240006923675537,-1,1440
8.240008115768433,-1,1440
8.240009069442749,-1,1440
8.240009069442749,-1,1440
8.240010023117065,-1,1440
8.240010976791382,-1,1440
8.240051984786987,1,54
8.24070692062378,-1,1440
8.24070692062378,-1,1440
8.240782976150513,1,590
8.241318941116333,-1,1134
8.2413809299469,1,54
8.242146968841553,1,1440
8.242156028747559,1,232
8.244324922561646,-1,56
8.246993064880371,-1,1440
8.246994018554688,-1,1440
8.247038125991821,1,1104
8.247517108917236,-1,1440
8.248487949371338,-1,56
8.250082969665527,-1,1440
8.250123977661133,1,54
8.25148606300354,-1,1440
8.251487016677856,-1,1440
8.251487970352173,-1,1440
8.25148892402649,-1,1440
8.251490116119385,-1,1440
8.251490116119385,-1,1440
8.251491069793701,-1,1440
8.251492023468018,-1,1440
8.251492977142334,-1,1440
8.25149393081665,-1,1440
8.251495122909546,-1,1440
8.251495122909546,-1,1440
8.251496076583862,-1,1440
8.251497030258179,-1,1440
8.251622915267944,1,1126
8.255083084106445,-1,1440
8.255084037780762,-1,1440
8.255084991455078,-1,1440
8.255085945129395,-1,1440
8.25508713722229,-1,1440
8.2551429271698,1,54
8.255459070205688,-1,1440
8.255460023880005,-1,1440
8.255460977554321,-1,1440
8.255501985549927,1,54
8.256309032440186,-1,66
8.256309986114502,-1,56
8.26590895652771,-1,1440
8.265909910202026,-1,1440
8.265911102294922,-1,1440
8.265912055969238,-1,1440
8.26600193977356,1,590
8.374412059783936,-1,1440
8.374414920806885,-1,1440
8.374608993530273,1,590
8.374689102172852,-1,1440
8.374691009521484,-1,56
8.376928091049194,-1,392
8.37692904472351,-1,66
8.376929998397827,-1,56
8.376930952072144,-1,1440
8.37693190574646,-1,56
8.37703800201416,1,54
8.412673950195312,-1,56
8.464214086532593,-1,1440
8.46444296836853,1,54
8.481339931488037,-1,56
8.483154058456421,-1,924
8.483304023742676,1,54
8.483489990234375,1,590
8.57160210609436,-1,1440
8.571604013442993,-1,1440
8.571840047836304,1,54
8.644822120666504,-1,1440
8.674325942993164,1,1440
8.674400091171265,1,1304
8.676306962966919,-1,588
8.676494121551514,1,54
8.716779947280884,-1,56
8.780888080596924,-1,56
8.786463975906372,-1,590
8.786638975143433,1,54
8.788105010986328,1,1104
8.898793935775757,-1,1440
8.900717973709106,-1,1440
8.900720119476318,-1,1440
8.900721073150635,-1,1440
8.900722026824951,-1,1440
8.900722980499268,-1,900
8.900897026062012,1,54
8.92944598197937,1,1440
8.929481983184814,1,768
8.937267065048218,-1,56
9.095151901245117,-1,56
9.095154047012329,-1,1440
9.095294952392578,1,54
9.09569501876831,-1,1440
9.095830917358398,1,54
9.096193075180054,-1,902
9.09619402885437,-1,1440
9.096195936203003,-1,1440
9.09633493423462,1,54
9.096504926681519,1,590
9.203285932540894,-1,388
9.203493118286133,1,54
9.208583116531372,1,1440
9.208600044250488,1,254
9.24487590789795,-1,56
9.254714965820312,-1,1440
9.309969902038574,-1,254
9.310156106948853,1,54
9.314696073532104,-1,66
9.315452098846436,-1,56
9.434024095535278,1,590
9.463072061538696,-1,590
9.463234901428223,1,590
9.515423059463501,-1,1440
9.615916013717651,1,54
9.619827032089233,-1,56
9.619828939437866,-1,254
9.619975090026855,1,54
9.622750043869019,-1,1440
9.622752904891968,-1,1440
9.622889995574951,1,54
9.623074054718018,1,54
9.646718978881836,-1,1440
9.646721124649048,-1,1440
9.646811962127686,1,54
9.646915912628174,1,54
9.675657987594604,-1,1440
9.675658941268921,-1,1440
9.675703048706055,1,54
9.675745010375977,1,54
9.677613973617554,-1,1440
9.67761492729187,-1,1440
9.677616119384766,-1,1440
9.677617073059082,-1,1440
9.677618026733398,-1,1440
9.677618026733398,-1,1440
9.677618980407715,-1,1440
9.677619934082031,-1,1440
9.677621126174927,-1,1440
9.677622079849243,-1,1440
9.67762303352356,-1,1440
9.677623987197876,-1,1440
9.677624940872192,-1,1440
9.677626132965088,-1,1440
9.677627086639404,-1,1440
9.67762804031372,-1,1440
9.67762804031372,-1,1440
9.677683115005493,1,54
9.677709102630615,1,54
9.677774906158447,1,590
9.67780590057373,1,54
9.679873943328857,-1,1440
9.679875135421753,-1,1440
9.67987608909607,-1,1440
9.679877042770386,-1,1440
9.679877996444702,-1,1440
9.679877996444702,-1,1440
9.679878950119019,-1,1440
9.679879903793335,-1,1440
9.67988109588623,-1,1440
9.679882049560547,-1,1440
9.679883003234863,-1,1440
9.679883003234863,-1,1440
9.67988395690918,-1,1440
9.679884910583496,-1,1440
9.679886102676392,-1,1440
9.679887056350708,-1,1440
9.679888010025024,-1,1440
9.679888010025024,-1,1440
9.679955959320068,1,590
9.67995810508728,1,54
9.680028915405273,1,54
9.685986042022705,-1,1440
9.686017990112305,1,590
9.686464071273804,-1,1440
9.68646502494812,-1,1440
9.686465978622437,-1,1440
9.686496019363403,1,590
9.68652606010437,1,54
9.694025993347168,-1,1440
9.694026947021484,-1,1440
9.6940279006958,-1,1440
9.694072961807251,1,54
9.694123029708862,1,54
9.726550102233887,-1,830
9.726637125015259,1,1104
9.786205053329468,-1,56
9.793090105056763,-1,56
9.947097063064575,-1,56
10.0518319606781,-1,1104
10.0519540309906,1,54
10.415134906768799,1,590
10.56637191772461,1,1440
10.566394090652466,1,254
10.578128099441528,-1,56
10.67279601097107,-1,66
10.672796964645386,-1,56
10.672890901565552,1,1104
10.779906034469604,-1,56
10.832212924957275,-1,590
10.832297086715698,1,54
10.995605945587158,-1,1440
10.99573802947998,1,54
10.99620509147644,-1,1282
10.996304035186768,1,54
12.800190925598145,-1,590
12.800333976745605,1,54
12.802380084991455,1,1104
12.90883207321167,-1,56
12.93887209892273,1,1440
12.93892502784729,1,232
12.940181016921997,1,1440
12.94020700454712,1,746
13.09292197227478,-1,66
13.092924118041992,-1,56
13.092924118041992,-1,56
13.093743085861206,-1,1440
13.093744993209839,-1,1440
13.093745946884155,-1,902
13.093984127044678,1,54
13.094274044036865,1,590
13.14578890800476,-1,1440
13.145792007446289,-1,1440
13.146059036254883,1,54
13.200493097305298,-1,902
13.20049500465393,-1,56
13.200741052627563,1,54
13.204355001449585,1,590
13.23779010772705,-1,1440
13.30734395980835,-1,1304
13.3076491355896,1,1104
13.310163974761963,-1,56
13.415301084518433,-1,56
13.473181962966919,-1,590
13.473442077636719,1,54
13.616739988327026,-1,1104
13.617011070251465,1,54
13.619556903839111,1,1104
13.726267099380493,-1,56
13.873987913131714,-1,1104
13.874251127243042,1,54
15.566375970840454,1,602
15.722863912582397,-1,66
16.133173942565918,1,590
16.242525100708008,-1,56
16.386357069015503,-1,590
16.386491060256958,1,54
19.35379910469055,-1,590
19.353900909423828,1,54
22.15859293937683,1,602
22.312521934509277,-1,66
23.551881074905396,-1,590
23.552035093307495,1,54
26.933195114135742,-1,590
26.93337893486023,1,54
29.206923961639404,1,602
29.221434116363525,-1,602
29.22153401374817,1,66
29.361706972122192,-1,66
32.768577098846436,-1,602
32.76869297027588,1,66
36.203871965408325,1,590
36.31393313407898,-1,56
37.613972902297974,1,602
37.772403955459595,-1,66
