delta_time,direction,length
0.0,1,602
0.41190099716186523,-1,66
1.5383038520812988,-1,602
1.538672924041748,1,66
1.7135429382324219,1,602
2.0503220558166504,-1,66
2.3579928874969482,-1,1116
2.3582990169525146,1,66
2.36069393157959,1,1116
2.7671689987182617,-1,1440
2.767742872238159,-1,1440
2.767899990081787,1,66
2.768326997756958,-1,66
2.768976926803589,-1,1388
2.7690868377685547,1,66
2.884458065032959,-1,152
2.8847639560699463,1,66
2.8862810134887695,1,602
2.888123035430908,1,1440
2.8881800174713135,1,256
3.1767449378967285,-1,602
3.1769258975982666,1,66
3.6509130001068115,1,1440
3.996562957763672,-1,66
3.9967849254608154,1,792
4.064197063446045,-1,1116
4.064493894577026,1,66
4.40559983253479,-1,1440
4.4058098793029785,-1,1284
4.405988931655884,1,66
4.406185865402222,-1,66
4.471407890319824,1,1440
4.471442937850952,1,256
4.815589904785156,-1,78
4.815593004226685,-1,66
4.81578803062439,1,602
4.903915882110596,-1,1440
4.904228925704956,-1,1440
4.90438985824585,1,66
4.905534029006958,-1,1388
4.905535936355591,-1,1440
4.905757904052734,1,66
4.90678596496582,-1,1440
4.906787872314453,-1,1440
4.906790018081665,-1,1440
4.9067909717559814,-1,1440
4.906793832778931,-1,1440
4.906795978546143,-1,1440
4.906991004943848,1,66
4.907251834869385,1,602
4.965105056762695,-1,1440
4.965304851531982,1,66
4.965703964233398,-1,1440
4.9657838344573975,1,66
4.966497898101807,-1,938
4.966562032699585,1,66
4.980780839920044,-1,1440
4.980783939361572,-1,1440
4.980953931808472,1,66
4.981114864349365,1,66
4.982133865356445,-1,1440
4.982254981994629,1,66
5.008055925369263,-1,1440
5.008198022842407,1,66
5.008326053619385,-1,1440
5.0083818435668945,1,66
5.009433031082153,-1,1440
5.009506940841675,1,66
5.020596981048584,-1,1440
5.020936965942383,-1,1440
5.021062850952148,1,66
5.021472930908203,-1,1440
5.021474838256836,-1,1440
5.021673917770386,1,66
5.022969961166382,-1,1440
5.022971868515015,-1,1440
5.022974014282227,-1,1440
5.022975921630859,-1,1440
5.022976875305176,-1,1440
5.022979974746704,-1,1440
5.0229809284210205,-1,1440
5.022982835769653,-1,1440
5.022984981536865,-1,1440
5.022985935211182,-1,1440
5.023154973983765,1,66
5.024173974990845,-1,1440
5.024174928665161,-1,1440
5.0241758823394775,-1,1006
5.024176836013794,-1,66
5.0241780281066895,-1,1440
5.024178981781006,-1,1440
5.024217844009399,1,602
5.02424693107605,1,66
5.024486064910889,-1,1440
5.024951934814453,-1,1440
5.025048017501831,1,66
5.0796568393707275,1,1440
5.079681873321533,1,256
5.136958837509155,-1,1440
5.136960029602051,-1,1440
5.137115955352783,1,602
5.141005039215088,-1,1440
5.141005992889404,-1,1440
5.141006946563721,-1,1440
5.141006946563721,-1,1440
5.1410088539123535,-1,66
5.1410088539123535,-1,1440
5.141010046005249,-1,1440
5.141010999679565,-1,1440
5.141010999679565,-1,1440
5.141011953353882,-1,1440
5.141011953353882,-1,1440
5.141012907028198,-1,1440
5.141013860702515,-1,1440
5.141013860702515,-1,1440
5.14101505279541,-1,1440
5.14101505279541,-1,1440
5.141016006469727,-1,1440
5.141016960144043,-1,1440
5.141016960144043,-1,1088
5.141017913818359,-1,1440
5.141018867492676,-1,1440
5.141018867492676,-1,1440
5.141020059585571,-1,1440
5.141020059585571,-1,1440
5.141268014907837,1,1116
5.148566961288452,-1,1440
5.148566961288452,-1,1440
5.1485679149627686,-1,1440
5.148568868637085,-1,1440
5.1485700607299805,-1,1440
5.1485700607299805,-1,1440
5.148571014404297,-1,1440
5.148571968078613,-1,1440
5.148571968078613,-1,1440
5.14857292175293,-1,1440
5.148573875427246,-1,1440
5.148573875427246,-1,1440
5.148575067520142,-1,1440
5.148576021194458,-1,1440
5.148576021194458,-1,1440
5.148777008056641,1,1116
5.252084970474243,-1,1440
5.252171993255615,1,66
5.252509832382202,-1,1440
5.252511024475098,-1,1440
5.2525739669799805,1,66
5.253664016723633,-1,1440
5.253772020339966,1,66
5.257020950317383,-1,1440
5.257066965103149,1,66
5.25755500793457,-1,1440
5.257555961608887,-1,1440
5.2576680183410645,1,66
5.259155035018921,-1,1440
5.259155988693237,-1,1440
5.259156942367554,-1,1440
5.25915789604187,-1,1440
5.2591588497161865,-1,1440
5.259160041809082,-1,1440
5.259160995483398,-1,1440
5.259161949157715,-1,1440
5.259162902832031,-1,1440
5.259163856506348,-1,1440
5.259165048599243,-1,1440
5.259165048599243,-1,1440
5.25916600227356,-1,1440
5.259166955947876,-1,1440
5.259167909622192,-1,1440
5.259167909622192,-1,1440
5.259168863296509,-1,1440
5.259170055389404,-1,1440
5.259171009063721,-1,1440
5.259171009063721,-1,1440
5.259171962738037,-1,1440
5.2591729164123535,-1,1440
5.25917387008667,-1,1440
5.25917387008667,-1,1440
5.259175062179565,-1,1440
5.259176015853882,-1,1440
5.259176015853882,-1,1440
5.259742975234985,1,1116
5.260478973388672,-1,1440
5.260479927062988,-1,1440
5.260480880737305,-1,1440
5.260480880737305,-1,1440
5.260481834411621,-1,1440
5.260481834411621,-1,1440
5.260483026504517,-1,1440
5.260483980178833,-1,1440
5.260483980178833,-1,1440
5.260484933853149,-1,1440
5.260485887527466,-1,1440
5.260486841201782,-1,830
5.260486841201782,-1,1440
5.260488033294678,-1,1440
5.260488986968994,-1,1440
5.26065993309021,1,66
5.261756896972656,-1,1440
5.261837005615234,1,66
5.264118909835815,-1,1440
5.264163017272949,1,1116
5.265749931335449,-1,1440
5.265750885009766,-1,1440
5.265751838684082,-1,1440
5.2657530307769775,-1,1440
5.265753984451294,-1,1440
5.26575493812561,-1,1440
5.265755891799927,-1,1440
5.265756845474243,-1,1440
5.265758037567139,-1,1440
5.265758991241455,-1,1440
5.265760898590088,-1,1440
5.265760898590088,-1,1440
5.26584792137146,1,66
5.299556016921997,-1,1440
5.299731969833374,1,602
5.300106048583984,-1,1440
5.300148963928223,1,66
5.302710056304932,-1,1440
5.302711009979248,-1,1440
5.3027119636535645,-1,1440
5.302712917327881,-1,1440
5.302713871002197,-1,1440
5.302715063095093,-1,1440
5.302716970443726,-1,1440
5.302717924118042,-1,1432
5.302718877792358,-1,1440
5.302719831466675,-1,1440
5.302804946899414,1,602
5.3028950691223145,1,66
5.3322248458862305,-1,1440
5.332357883453369,1,602
5.333770036697388,-1,1440
5.333773851394653,-1,1440
5.333775997161865,-1,1440
5.3337788581848145,-1,1440
5.333781003952026,-1,1440
5.333860874176025,1,66
5.333914041519165,1,66
5.3340229988098145,-1,1440
5.34558892250061,-1,1440
5.345731973648071,1,602
5.345936059951782,-1,1440
5.345979928970337,1,66
5.37680196762085,-1,182
5.37689995765686,1,602
5.421572923660278,-1,66
5.493839979171753,-1,66
5.494036912918091,1,1116
5.609039068222046,-1,66
5.628732919692993,-1,1440
5.628931045532227,1,66
5.632385969161987,-1,602
5.632536888122559,1,66
5.6579430103302,-1,1006
5.658077955245972,1,66
5.659507989883423,1,1440
5.659569978713989,1,256
5.661874055862427,-1,1440
5.6735289096832275,-1,86
5.673691034317017,1,1116
5.691244840621948,-1,1440
5.691503047943115,1,66
5.7028489112854,-1,1440
5.749767065048218,-1,680
5.7500128746032715,1,66
5.75021505355835,1,602
5.855751037597656,1,1440
5.907902956008911,-1,66
5.976943016052246,-1,94
5.976946830749512,-1,86
5.977123022079468,1,256
5.977203845977783,1,602
5.99386191368103,-1,86
6.048533916473389,-1,602
6.048722982406616,1,66
6.04979395866394,1,1116
6.165649890899658,-1,66
6.181973934173584,-1,86
6.20284104347229,-1,602
6.202965974807739,1,66
6.24199104309082,-1,1440
6.2673499584198,-1,1440
6.26749587059021,1,66
6.27905797958374,-1,1440
6.3200249671936035,-1,1238
6.320163011550903,1,66
6.326452016830444,-1,78
6.326452016830444,-1,66
6.326550006866455,1,1440
6.326586961746216,1,300
6.361062049865723,-1,1440
6.396306991577148,-1,1440
6.396549940109253,1,66
6.398952007293701,-1,1440
6.399123907089233,1,1440
6.39912486076355,1,1440
6.399127006530762,1,1440
6.399142026901245,1,100
6.399271011352539,1,602
6.399334907531738,-1,1440
6.399406909942627,1,66
6.400500059127808,-1,1440
6.401293992996216,-1,1440
6.401293992996216,-1,1440
6.401413917541504,1,66
6.401469945907593,1,1440
6.403311014175415,-1,1440
6.4033119678497314,-1,1440
6.403312921524048,-1,1440
6.403312921524048,-1,1440
6.403313875198364,-1,1440
6.40331506729126,-1,1440
6.403379917144775,1,1116
6.404285907745361,-1,1440
6.404760837554932,-1,1440
6.404762029647827,-1,1440
6.4048168659210205,1,66
6.405987977981567,-1,1440
6.4059898853302,-1,1440
6.405990839004517,-1,1440
6.405992031097412,-1,1440
6.4059929847717285,-1,1440
6.405993938446045,-1,1440
6.4061079025268555,1,66
6.40789794921875,-1,602
6.407959938049316,1,624
6.411860942840576,-1,1440
6.435204029083252,-1,126
6.435318946838379,1,602
6.519207954406738,-1,66
6.597449064254761,-1,602
6.5976479053497314,1,66
6.6167449951171875,1,1116
6.650228977203369,-1,66
6.650383949279785,1,1440
6.710958003997803,-1,1440
6.714609861373901,-1,792
6.714762926101685,1,66
6.735101938247681,-1,66
6.7351038455963135,-1,66
6.735266923904419,1,1440
6.735358953475952,1,1440
6.73537802696228,-1,78
6.735378980636597,-1,66
6.735463857650757,1,312
6.73800802230835,-1,66
6.746124029159546,-1,602
6.74631404876709,1,66
6.767654895782471,-1,1440
6.767863035202026,1,66
6.768136024475098,-1,1440
6.7681379318237305,-1,1440
6.768281936645508,1,66
6.792804956436157,-1,1440
6.799749851226807,-1,1440
6.799983024597168,1,66
6.800217866897583,-1,1440
6.800220012664795,-1,1440
6.800221920013428,-1,1440
6.80022406578064,-1,1440
6.800418853759766,1,66
6.800673007965088,-1,1440
6.800814867019653,1,602
6.803199052810669,-1,1440
6.803576946258545,-1,1440
6.803578853607178,-1,1440
6.8037428855896,1,66
6.804499864578247,-1,1440
6.8083460330963135,-1,1440
6.809175968170166,1,66
6.8093578815460205,1,1440
6.809380054473877,1,1328
6.8143370151519775,1,1440
6.8166420459747314,-1,1440
6.829874038696289,-1,940
6.830167055130005,1,66
6.947077989578247,-1,1116
6.947295904159546,1,1116
7.034900903701782,-1,66
7.035096883773804,1,1440
7.050577878952026,-1,1440
7.052408933639526,-1,1440
7.052412033081055,-1,1440
7.052682876586914,1,602
7.053060054779053,-1,1440
7.0564000606536865,-1,1440
7.05718994140625,1,66
7.064166069030762,-1,458
7.064303874969482,1,602
7.077955961227417,-1,1440
7.087663888931274,-1,66
7.087841987609863,1,1440
7.089854955673218,-1,66
7.089974880218506,1,1440
7.129938840866089,-1,1440
7.129942893981934,-1,1440
7.130264043807983,1,66
7.130573034286499,-1,1440
7.132457971572876,-1,1440
7.132601976394653,1,66
7.1335508823394775,-1,1440
7.1335530281066895,-1,1440
7.133554935455322,-1,1440
7.133744955062866,1,66
7.136762857437134,-1,78
7.136879920959473,1,1440
7.178338050842285,-1,1440
7.178520917892456,1,66
7.179335832595825,-1,1440
7.180268049240112,1,602
7.1814939975738525,-1,336
7.181566953659058,1,66
7.296658992767334,-1,602
7.296859979629517,1,66
7.299479007720947,1,1116
7.390357971191406,-1,78
7.390478849411011,1,1440
7.411937952041626,-1,602
7.41226601600647,1,66
7.46234393119812,-1,1440
7.46255898475647,1,602
7.462964057922363,-1,86
7.474159002304077,1,1440
7.493993043899536,-1,1440
7.494431972503662,1,66
7.498260974884033,-1,1440
7.523397922515869,-1,1440
7.523766040802002,1,66
7.528977870941162,-1,378
7.529124021530151,1,66
7.624704837799072,-1,66
7.646317958831787,-1,1138
7.646653890609741,1,66
7.648655891418457,1,602
7.765384912490845,-1,66
7.8024749755859375,-1,86
7.8027050495147705,1,212
7.8027729988098145,1,212
7.8028528690338135,1,212
7.8028669357299805,1,212
7.8028788566589355,1,212
7.802888870239258,1,212
7.8028998374938965,1,212
7.802909851074219,1,212
7.802953004837036,1,160
7.802985906600952,1,212
7.802999019622803,1,212
7.803009986877441,1,212
7.80302095413208,1,212
7.803035020828247,1,212
7.803046941757202,1,212
7.803060054779053,1,212
7.803072929382324,1,212
7.803086042404175,1,212
7.803098917007446,1,212
7.803112983703613,1,212
7.803125858306885,1,212
7.803138017654419,1,212
7.803151845932007,1,212
7.803164958953857,1,212
7.803175926208496,1,212
7.803189039230347,1,212
7.803200006484985,1,212
7.80321192741394,1,186
7.803272008895874,1,1440
7.839632034301758,-1,1116
7.839972019195557,1,66
7.840743064880371,1,602
7.845393896102905,-1,622
7.845550060272217,1,212
7.956750869750977,-1,66
7.996042013168335,1,602
8.11299991607666,-1,66
8.175567865371704,-1,94
8.17582392692566,1,212
8.175875902175903,1,212
8.175920009613037,1,212
8.17593789100647,1,212
8.175948858261108,1,212
8.175956010818481,1,212
8.175964832305908,1,212
8.175973892211914,1,212
8.175986051559448,1,212
8.175993919372559,1,126
8.199028968811035,-1,602
8.199357986450195,1,66
8.201812028884888,1,1116
8.318098068237305,-1,66
8.353287935256958,-1,602
8.35355806350708,1,66
8.376780986785889,-1,1440
8.404552936553955,-1,1440
8.405093908309937,1,66
8.412315845489502,1,1440
8.425590991973877,-1,1440
8.468863010406494,-1,1216
8.469226837158203,1,66
8.470118999481201,1,602
8.49979305267334,-1,94
8.626689910888672,-1,66
8.777096033096313,-1,94
8.777334928512573,1,1440
8.77734088897705,1,1440
8.812346935272217,-1,1116
8.81273889541626,1,66
8.815852880477905,-1,1440
8.816313982009888,-1,1440
8.816411972045898,1,66
8.817890882492065,-1,1440
8.81851601600647,-1,1440
8.818517923355103,-1,1440
8.818626880645752,1,66
8.819629907608032,-1,1440
8.819632053375244,-1,1440
8.819633960723877,-1,1440
8.819634914398193,-1,1440
8.819637060165405,-1,1440
8.820008993148804,1,66
8.820334911346436,-1,1440
8.822036027908325,-1,1440
8.822640895843506,1,66
8.82307505607605,1,602
8.82396388053894,-1,1440
8.824141025543213,1,66
8.833531856536865,-1,1440
8.833894968032837,-1,1440
8.834070920944214,1,66
8.836557865142822,-1,1440
8.836843967437744,-1,1440
8.837333917617798,1,66
8.837633848190308,-1,1440
8.938655853271484,1,66
8.993515968322754,-1,1210
8.993520021438599,-1,66
8.99370288848877,1,602
9.075989007949829,-1,602
9.076192855834961,1,66
9.105224847793579,-1,78
9.105386018753052,1,1440
9.109086990356445,-1,66
9.112972974777222,-1,602
9.113090991973877,1,66
9.114590883255005,1,602
9.152143001556396,-1,614
9.152343034744263,1,1440
9.15234899520874,1,1440
9.152456045150757,1,690
9.154435873031616,-1,1440
9.154557943344116,1,66
9.154957056045532,-1,1440
9.154958963394165,-1,1440
9.155048847198486,1,66
9.155179023742676,1,66
9.156317949295044,-1,1440
9.156319856643677,-1,1440
9.156321048736572,-1,1440
9.156322002410889,-1,1440
9.156322956085205,-1,1440
9.15639591217041,1,66
9.156527042388916,1,66
9.158047914505005,-1,1440
9.158102035522461,1,602
9.15871286392212,-1,1440
9.158715009689331,-1,1440
9.158715963363647,-1,1440
9.15871787071228,-1,1440
9.158764839172363,1,66
9.158845901489258,1,66
9.159909963607788,-1,1440
9.159955024719238,1,66
9.162377834320068,-1,1440
9.162430047988892,1,66
9.163995027542114,-1,1440
9.164051055908203,1,66
9.165947914123535,-1,1440
9.165989875793457,1,66
9.166377067565918,-1,1440
9.16637897491455,-1,1440
9.166419982910156,1,602
9.166481971740723,1,66
9.169420957565308,-1,1440
9.169424057006836,-1,1440
9.169534921646118,1,66
9.169640064239502,-1,1440
9.169683933258057,1,66
9.169745922088623,1,66
9.172579050064087,-1,1440
9.172682046890259,1,66
9.172932863235474,-1,1440
9.173572063446045,-1,1440
9.174191951751709,1,66
9.175979852676392,1,1440
9.17598295211792,1,1440
9.175986051559448,1,1440
9.176050901412964,1,1064
9.177693843841553,1,1440
9.177718877792358,1,856
9.178868055343628,-1,1440
9.179390907287598,-1,1440
9.179455041885376,1,66
9.18195104598999,1,1440
9.181952953338623,1,1440
9.181989908218384,1,446
9.188418865203857,1,1440
9.188421964645386,1,1440
9.188422918319702,1,1440
9.188504934310913,1,100
9.228293895721436,-1,284
9.228601932525635,1,66
9.259619951248169,-1,1440
9.259748935699463,1,602
9.282979965209961,-1,66
9.291316032409668,-1,66
9.2913179397583,-1,66
9.294606924057007,-1,66
9.298482894897461,-1,66
9.30370283126831,-1,66
9.303704023361206,-1,78
9.3038489818573,1,602
9.304503917694092,-1,66
9.345591068267822,-1,1306
9.34589695930481,1,66
9.416022062301636,-1,66
9.41971206665039,-1,66
9.44510293006897,-1,66
9.464663982391357,-1,602
9.465021848678589,1,66
9.491719007492065,-1,1440
9.491915941238403,-1,1440
9.492060899734497,1,66
9.499222040176392,-1,66
9.499222993850708,-1,66
9.50217890739441,-1,602
9.502290964126587,1,66
9.503568887710571,1,602
9.520233869552612,-1,1440
9.52023696899414,-1,1440
9.520478010177612,1,66
9.52062201499939,-1,1440
9.520622968673706,-1,1440
9.520624876022339,-1,1440
9.520626068115234,-1,1440
9.52062702178955,-1,1440
9.520869016647339,1,66
9.521167039871216,-1,1440
9.521926879882812,1,66
9.524045944213867,-1,1440
9.524338006973267,1,602
9.525483846664429,-1,1440
9.525486946105957,-1,1440
9.52548885345459,-1,1440
9.525490045547485,-1,1440
9.525632858276367,1,66
9.526180028915405,-1,1440
9.526347875595093,-1,1440
9.526474952697754,1,66
9.528486013412476,-1,1440
9.52849006652832,-1,1440
9.528491973876953,-1,1440
9.528493881225586,-1,1440
9.528496980667114,-1,1440
9.52849793434143,-1,1440
9.528499841690063,-1,1440
9.528501033782959,-1,1440
9.528503894805908,-1,1440
9.528504848480225,-1,1440
9.528506994247437,-1,1440
9.529266834259033,-1,1440
9.529296875,1,1116
9.529613018035889,-1,1440
9.529613971710205,-1,1440
9.529720067977905,1,66
9.530739068984985,-1,1440
9.530740976333618,-1,1440
9.530742883682251,-1,1440
9.530743837356567,-1,1440
9.53074598312378,-1,1440
9.530747890472412,-1,1440
9.530750036239624,-1,1440
9.530751943588257,-1,1440
9.530755043029785,-1,1440
9.530756950378418,-1,1440
9.530892848968506,1,602
9.53101897239685,-1,1440
9.532588005065918,-1,1440
9.53258991241455,-1,1440
9.532740831375122,1,602
9.53355884552002,-1,1440
9.533560991287231,-1,1440
9.534580945968628,1,66
9.53485894203186,-1,1440
9.534859895706177,-1,1440
9.534862041473389,-1,1440
9.534863948822021,-1,1440
9.534864902496338,-1,1440
9.53486704826355,-1,1440
9.534868955612183,-1,1440
9.534870862960815,-1,1440
9.534872055053711,-1,1440
9.53487491607666,-1,1440
9.534875869750977,-1,1440
9.535559892654419,1,602
9.536885976791382,-1,1440
9.57994294166565,-1,1440
9.57994794845581,-1,1440
9.580358982086182,1,602
9.596291065216064,-1,1440
9.59653091430664,-1,1440
9.596729040145874,1,66
9.597523927688599,-1,1440
9.604645013809204,-1,1440
9.604955911636353,1,602
9.605123043060303,-1,1440
9.605280876159668,1,66
9.60738492012024,-1,1440
9.607385873794556,-1,1440
9.607549905776978,1,66
9.607709884643555,-1,1440
9.609400033950806,-1,1440
9.609501838684082,1,66
9.620408058166504,-1,1440
9.620755910873413,-1,1440
9.62075686454773,-1,1440
9.621075868606567,1,602
9.628725051879883,-1,1440
9.635272979736328,-1,1440
9.635273933410645,-1,1440
9.635571002960205,-1,1440
9.635808944702148,1,66
9.636558055877686,-1,1440
9.636729001998901,1,66
9.636734962463379,-1,1440
9.636906862258911,-1,1440
9.636908054351807,-1,1440
9.636909008026123,-1,1440
9.637372970581055,1,66
9.638284921646118,-1,1440
9.638285875320435,-1,1440
9.638581991195679,1,602
9.639611959457397,-1,1440
9.639612913131714,-1,1440
9.63961386680603,-1,1440
9.639615058898926,-1,1440
9.639616012573242,-1,1440
9.639616012573242,-1,1440
9.639616966247559,-1,1440
9.639741897583008,1,66
9.64018201828003,-1,1440
9.640182971954346,-1,1440
9.64028787612915,1,66
9.641079902648926,-1,1440
9.641080856323242,-1,1440
9.64114785194397,1,602
9.642427921295166,-1,1440
9.642430067062378,-1,1440
9.642431020736694,-1,1440
9.64243197441101,-1,1440
9.642433881759644,-1,1440
9.64243483543396,-1,1440
9.642436027526855,-1,1440
9.642436981201172,-1,1440
9.642437934875488,-1,1440
9.64255404472351,1,66
9.64382004737854,-1,1440
9.643877983093262,1,1116
9.645930051803589,-1,1440
9.645931959152222,-1,1440
9.645933866500854,-1,1440
9.64593505859375,-1,1440
9.645936965942383,-1,1440
9.645938873291016,-1,1440
9.645941019058228,-1,1440
9.645941972732544,-1,1440
9.645943880081177,-1,1440
9.645944833755493,-1,1440
9.645946979522705,-1,1440
9.645948886871338,-1,1440
9.64595103263855,-1,1440
9.645952939987183,-1,1440
9.645954847335815,-1,1440
9.645956993103027,-1,1440
9.64595890045166,-1,1440
9.645959854125977,-1,1440
9.645961999893188,-1,1440
9.645962953567505,-1,1440
9.645964860916138,-1,1440
9.646350860595703,1,1138
9.646553993225098,-1,1440
9.64655590057373,-1,1440
9.64662504196167,1,66
9.647812843322754,-1,1440
9.647814989089966,-1,1440
9.647815942764282,-1,1440
9.647816896438599,-1,1440
9.64781904220581,-1,1440
9.647820949554443,-1,1440
9.64782190322876,-1,1440
9.647824048995972,-1,1440
9.647825002670288,-1,1440
9.647825956344604,-1,1440
9.647826910018921,-1,1440
9.647829055786133,-1,1440
9.64783000946045,-1,1440
9.647831916809082,-1,1440
9.647832870483398,-1,1440
9.647834062576294,-1,1440
9.64828085899353,-1,790
9.648419857025146,1,602
9.652057886123657,-1,66
9.653089046478271,-1,1440
9.65309190750122,-1,1440
9.653411865234375,1,1116
9.653534889221191,-1,1440
9.653537034988403,-1,1440
9.654762029647827,-1,1440
9.65476393699646,-1,1440
9.654767036437988,-1,1440
9.654767990112305,-1,1440
9.654768943786621,-1,1440
9.654769897460938,-1,1440
9.654770851135254,-1,1440
9.65477204322815,-1,1440
9.655887842178345,1,66
9.661016941070557,-1,1440
9.661588907241821,-1,1440
9.661591053009033,-1,1440
9.661720037460327,1,602
9.662708044052124,-1,1440
9.66270899772644,-1,1440
9.662710905075073,-1,1440
9.662714004516602,-1,1440
9.66271686553955,-1,1440
9.662718057632446,-1,1440
9.662852048873901,1,66
9.66580605506897,-1,1440
9.666266918182373,-1,1440
9.666269063949585,-1,1440
9.666343927383423,1,602
9.66763186454773,-1,1440
9.667634010314941,-1,1440
9.667634963989258,-1,1440
9.667635917663574,-1,1440
9.66763687133789,-1,1440
9.667639017105103,-1,1440
9.667639970779419,-1,1440
9.667641878128052,-1,1440
9.667784929275513,1,66
9.668107032775879,-1,1440
9.6717369556427,-1,1440
9.671890020370483,1,602
9.672121047973633,-1,1440
9.672122955322266,-1,1440
9.672123908996582,-1,1440
9.672221899032593,1,66
9.67357087135315,-1,1440
9.673771858215332,1,66
9.677522897720337,-1,1440
9.695904970169067,-1,1440
9.6959068775177,-1,1440
9.696051836013794,1,602
9.696184873580933,-1,1440
9.696187019348145,-1,1440
9.696188926696777,-1,1440
9.696220874786377,1,66
9.696271896362305,1,66
9.69701099395752,-1,1440
9.697120904922485,1,602
9.72262191772461,-1,1440
9.723130941390991,-1,1440
9.723131895065308,-1,1440
9.723224878311157,1,66
9.724738836288452,-1,1440
9.724740982055664,-1,1440
9.724845886230469,1,66
9.725136041641235,-1,1440
9.725136995315552,-1,1440
9.725198030471802,1,66
9.72634506225586,-1,1440
9.726441860198975,1,602
9.730175971984863,1,66
9.75147795677185,-1,1440
9.751893997192383,-1,1440
9.751896858215332,-1,1440
9.751898050308228,-1,1440
9.75189995765686,-1,1440
9.751900911331177,-1,1440
9.751903057098389,-1,1440
9.752091884613037,1,66
9.757492065429688,-1,66
9.763630867004395,-1,66
9.765352964401245,-1,952
9.765440940856934,1,66
9.770953893661499,-1,1440
9.771082878112793,1,66
9.772649049758911,-1,1440
9.772652864456177,-1,1440
9.772655963897705,-1,1440
9.772657871246338,-1,1440
9.772660970687866,-1,1440
9.772663831710815,-1,1440
9.772665977478027,-1,1440
9.772670030593872,-1,1440
9.772672891616821,-1,1440
9.772676944732666,-1,1440
9.773069858551025,1,66
9.773164987564087,-1,1440
9.774677991867065,-1,1440
9.774777889251709,1,602
9.775151014328003,-1,1440
9.775152921676636,-1,1440
9.775223016738892,1,66
9.7762770652771,-1,1440
9.776278018951416,-1,1440
9.776278972625732,-1,1440
9.776280879974365,-1,1440
9.776283025741577,-1,1440
9.776366949081421,1,66
9.779207944869995,-1,1440
9.779209852218628,-1,1440
9.7792649269104,1,602
9.779365062713623,1,66
9.779706954956055,-1,1440
9.779707908630371,-1,1440
9.779710054397583,-1,1440
9.7797110080719,-1,1440
9.779712915420532,-1,1440
9.779790878295898,1,66
9.781185865402222,-1,1440
9.781187057495117,-1,1440
9.78118896484375,-1,1440
9.781189918518066,-1,1440
9.781192064285278,-1,1440
9.781293869018555,1,602
9.783299922943115,-1,1440
9.78334093093872,1,66
9.78381085395813,-1,1440
9.783812999725342,-1,1440
9.783876895904541,1,66
9.785101890563965,-1,1440
9.785104036331177,-1,1440
9.78510594367981,-1,1440
9.785106897354126,-1,1440
9.785109043121338,-1,1440
9.785109996795654,-1,1440
9.785111904144287,-1,1440
9.785114049911499,-1,1440
9.785115003585815,-1,1440
9.785116910934448,-1,1440
9.78556203842163,-1,1440
9.785905838012695,1,602
9.786870002746582,-1,1440
9.787065982818604,1,66
9.787729978561401,-1,1440
9.787731885910034,-1,1440
9.787819862365723,1,66
9.78794002532959,1,66
9.788944005966187,-1,1440
9.78894591331482,-1,1440
9.788949012756348,-1,1440
9.788951873779297,-1,1440
9.788954973220825,-1,1440
9.788960933685303,-1,1440
9.788962841033936,-1,1440
9.789283990859985,1,66
9.790886878967285,-1,1440
9.791646957397461,-1,1440
9.791648864746094,-1,1440
9.791746854782104,1,602
9.792983055114746,-1,1440
9.792984962463379,-1,1440
9.792986869812012,-1,1440
9.792989015579224,-1,1440
9.79298996925354,-1,1440
9.792991876602173,-1,1440
9.792994022369385,-1,1440
9.792994976043701,-1,1440
9.792996883392334,-1,1440
9.793122053146362,1,66
9.794353008270264,-1,1440
9.795264959335327,-1,1440
9.795271873474121,-1,1440
9.795358896255493,1,602
9.79652190208435,-1,1440
9.796524047851562,-1,1440
9.796525955200195,-1,1440
9.796527862548828,-1,1440
9.79653000831604,-1,1440
9.796531915664673,-1,1440
9.796534061431885,-1,1440
9.796535968780518,-1,1440
9.79653787612915,-1,1440
9.796669960021973,1,66
9.798223972320557,-1,1440
9.7985999584198,-1,1440
9.798601865768433,-1,1440
9.798666954040527,1,602
9.799779891967773,-1,1440
9.799782037734985,-1,1440
9.799782991409302,-1,1440
9.799784898757935,-1,1440
9.799785852432251,-1,1440
9.799787998199463,-1,1440
9.799890041351318,1,66
9.800519943237305,-1,1440
9.800580024719238,1,602
9.802852869033813,-1,1440
9.80333399772644,-1,1440
9.803335905075073,-1,1440
9.80333685874939,-1,1440
9.803339004516602,-1,1440
9.803554058074951,1,66
9.804343938827515,-1,1440
9.80444884300232,1,66
9.806213855743408,-1,1440
9.806830883026123,-1,1440
9.806833028793335,-1,1440
9.806998014450073,1,602
9.807921886444092,-1,1440
9.807922840118408,-1,1440
9.807924032211304,-1,1440
9.807924032211304,-1,1440
9.807925939559937,-1,1440
9.808044910430908,1,66
9.808353900909424,-1,1440
9.81017804145813,-1,1440
9.81026291847229,1,66
9.810997009277344,-1,1440
9.81099796295166,-1,1440
9.81107783317566,1,66
9.812043905258179,-1,66
9.82707405090332,-1,1440
9.828063011169434,-1,1440
9.828064918518066,-1,1440
9.828067064285278,-1,1440
9.828068971633911,-1,1440
9.828222036361694,1,602
9.828387975692749,-1,1440
9.82846188545227,1,66
9.831224918365479,-1,1440
9.831599950790405,-1,1440
9.831600904464722,-1,1440
9.831676959991455,1,66
9.833786010742188,-1,1440
9.83378791809082,-1,1440
9.83391785621643,1,66
9.835672855377197,-1,1440
9.835928916931152,1,66
9.839392900466919,-1,1440
9.839514017105103,1,66
9.839709997177124,-1,1440
9.839776039123535,1,66
9.839838027954102,1,66
9.852880954742432,-1,1440
9.85301399230957,1,66
9.853428840637207,-1,1440
9.853430986404419,-1,1440
9.853551864624023,1,602
9.854732036590576,-1,1440
9.854733943939209,-1,1440
9.854735851287842,-1,1440
9.854737043380737,-1,1440
9.85473895072937,-1,1440
9.854882955551147,1,66
9.855180025100708,-1,1440
9.855264902114868,1,66
9.85671091079712,-1,1440
9.857823848724365,-1,1440
9.85782504081726,-1,1440
9.857928991317749,1,66
9.881753921508789,-1,1416
9.882040023803711,1,66
9.882632970809937,-1,66
9.90210485458374,-1,66
9.913756847381592,-1,66
9.917664051055908,-1,66
9.929028987884521,-1,1440
9.92903184890747,-1,1440
9.929165840148926,1,602
9.929329872131348,1,66
9.929800033569336,-1,1440
9.929801940917969,-1,1440
9.929802894592285,-1,1440
9.929946899414062,1,66
9.930965900421143,-1,1440
9.930968046188354,-1,1440
9.930969953536987,-1,1440
9.93097186088562,-1,1440
9.930974006652832,-1,1440
9.930974960327148,-1,1440
9.930978059768677,-1,1440
9.930979013442993,-1,1440
9.931022882461548,-1,1440
9.931023836135864,-1,1440
9.931025981903076,-1,1440
9.931169986724854,1,66
9.931453943252563,-1,1440
9.93159294128418,1,602
9.932078838348389,-1,1440
9.932934045791626,-1,1440
9.932935953140259,-1,1440
9.933048009872437,1,66
9.934377908706665,-1,1440
9.934381008148193,-1,1440
9.93438196182251,-1,1440
9.934385061264038,-1,1440
9.934386014938354,-1,1440
9.934387922286987,-1,1440
9.9343900680542,-1,1440
9.934391021728516,-1,1440
9.934392929077148,-1,1440
9.934394836425781,-1,1440
9.934396028518677,-1,1440
9.93439793586731,-1,1440
9.934399843215942,-1,1440
9.934401988983154,-1,1440
9.935062885284424,1,602
9.935710906982422,-1,1440
9.935711860656738,-1,1440
9.935941934585571,1,66
9.93637490272522,-1,1440
9.936377048492432,-1,1440
9.936378002166748,-1,1440
9.93637990951538,-1,1440
9.936380863189697,-1,1440
9.93638300895691,-1,1440
9.936383962631226,-1,1440
9.936424970626831,-1,1440
9.936426877975464,-1,1440
9.936429023742676,-1,1440
9.936593055725098,1,602
9.937346935272217,-1,1440
9.93734884262085,-1,1440
9.937587022781372,1,66
9.938591957092285,-1,1440
9.938593864440918,-1,1440
9.93859601020813,-1,1440
9.938597917556763,-1,1440
9.938598871231079,-1,1440
9.938600063323975,-1,1440
9.938601970672607,-1,1440
9.938602924346924,-1,1440
9.93875789642334,1,66
9.939417839050293,-1,1440
9.939419031143188,-1,1440
9.939514875411987,1,602
9.940707921981812,-1,1440
9.940710067749023,-1,1440
9.94071102142334,-1,1440
9.940713882446289,-1,1440
9.940714836120605,-1,1440
9.940716028213501,-1,1440
9.940717935562134,-1,1440
9.94071888923645,-1,1440
9.940719842910767,-1,1440
9.940721035003662,-1,1440
9.940722942352295,-1,1440
9.940723896026611,-1,1440
9.941068887710571,-1,1440
9.941083908081055,1,1116
9.942093849182129,-1,1440
9.942165851593018,1,66
9.943971872329712,-1,1440
9.943973064422607,-1,1440
9.943974018096924,-1,1440
9.94397497177124,-1,1440
9.943975925445557,-1,1440
9.943976879119873,-1,1440
9.943979024887085,-1,1440
9.943979978561401,-1,1440
9.943980932235718,-1,1440
9.943981885910034,-1,1440
9.94398283958435,-1,1440
9.943984985351562,-1,1440
9.943985939025879,-1,1440
9.943986892700195,-1,1440
9.943987846374512,-1,1440
9.943989038467407,-1,1440
9.943989992141724,-1,1440
9.94399094581604,-1,1440
9.943992853164673,-1,1440
9.943994045257568,-1,1440
9.944256067276001,-1,1440
9.9445059299469,1,602
9.945020914077759,-1,1440
9.945021867752075,-1,1440
9.945083856582642,1,66
9.946353912353516,-1,1440
9.946354866027832,-1,1440
9.946357011795044,-1,1440
9.94635796546936,-1,1440
9.946361064910889,-1,1440
9.946362972259521,-1,1440
9.946364879608154,-1,1440
9.946367025375366,-1,1440
9.946367979049683,-1,1440
9.946369886398315,-1,1440
9.946372032165527,-1,1440
9.94674801826477,1,602
9.94702696800232,-1,1440
9.947092056274414,1,66
9.94904899597168,-1,1440
9.949097871780396,1,66
9.949707984924316,-1,1440
9.949748039245605,1,66
9.949981927871704,-1,1440
9.950016021728516,1,66
9.950825929641724,-1,1440
9.950856924057007,1,66
9.953214883804321,-1,1440
9.955193042755127,-1,1440
9.95519495010376,-1,1440
9.955452919006348,1,602
9.95563292503357,-1,1440
9.955634832382202,-1,1440
9.955636024475098,-1,1440
9.956001043319702,1,66
9.956698894500732,-1,1440
9.956799983978271,1,66
9.958488941192627,-1,1440
9.95849084854126,-1,1440
9.9585599899292,1,66
9.958616971969604,1,66
9.958855867385864,-1,1440
9.95885705947876,-1,1440
9.959106922149658,1,66
9.960439920425415,-1,1440
9.960442066192627,-1,1440
9.960582971572876,1,66
9.960661888122559,-1,1440
9.960734844207764,1,66
9.961228847503662,-1,1440
9.961230993270874,-1,1440
9.96127986907959,1,602
9.961364984512329,1,66
9.962730884552002,-1,1440
9.964577913284302,-1,1440
9.964648008346558,1,602
9.966575860977173,-1,1440
9.978399991989136,-1,1440
9.978402853012085,-1,1440
9.978566884994507,1,66
9.978742837905884,-1,1440
9.97874402999878,-1,1440
9.978745937347412,-1,1440
9.978816986083984,1,66
9.9788498878479,1,66
9.98038101196289,-1,1440
9.980434894561768,1,66
9.985622882843018,-1,1440
9.986080884933472,-1,1440
9.986083030700684,-1,1440
9.986083984375,-1,1440
9.986084938049316,-1,1440
9.98608684539795,-1,1440
9.989658832550049,-1,1440
9.98966097831726,-1,1440
9.989979028701782,-1,1440
9.992570877075195,-1,1440
9.992971897125244,-1,1440
9.993880033493042,-1,1440
9.995116949081421,1,602
9.995614051818848,1,66
9.99778699874878,-1,902
9.997907876968384,1,602
10.048588991165161,-1,66
10.053573846817017,-1,66
10.053874015808105,-1,1440
10.053969860076904,1,602
10.054540872573853,-1,1440
10.054626941680908,1,66
10.05579686164856,-1,1440
10.0558500289917,1,66
10.056686878204346,-1,1440
10.056687831878662,-1,1440
10.056771993637085,1,66
10.057985067367554,-1,1440
10.057987928390503,-1,1440
10.057989835739136,-1,1440
10.057991027832031,-1,1440
10.057992935180664,-1,1440
10.05799388885498,-1,1440
10.057996988296509,-1,1440
10.057998895645142,-1,1440
10.057999849319458,-1,1440
10.058140993118286,1,66
10.06218695640564,-1,66
10.065927028656006,-1,1440
10.065928936004639,-1,1440
10.06598687171936,1,602
10.066077947616577,1,66
10.06643295288086,-1,1440
10.066433906555176,-1,1440
10.066525936126709,1,66
10.067776918411255,-1,1440
10.067777872085571,-1,1440
10.067780017852783,-1,1440
10.067781925201416,-1,1440
10.067893028259277,1,66
10.068512916564941,-1,1440
10.068583011627197,1,602
10.069527864456177,-1,1440
10.070163011550903,-1,1440
10.070168018341064,-1,1440
10.07031798362732,1,66
10.071343898773193,-1,1440
10.071346044540405,-1,1440
10.071346998214722,-1,1440
10.071347951889038,-1,1440
10.071349859237671,-1,1440
10.071351051330566,-1,1440
10.071352005004883,-1,1440
10.0713529586792,-1,1440
10.071354866027832,-1,1440
10.071581840515137,1,66
10.071847915649414,-1,1440
10.07184886932373,-1,1440
10.071907997131348,1,66
10.072357892990112,1,602
10.073303937911987,-1,1440
10.073304891586304,-1,1440
10.07330584526062,-1,1440
10.073307037353516,-1,1440
10.073307991027832,-1,1440
10.073308944702148,-1,1440
10.073309898376465,-1,1440
10.073310852050781,-1,1440
10.073312044143677,-1,1440
10.07331395149231,-1,1440
10.073348999023438,-1,1440
10.073349952697754,-1,1440
10.073583841323853,-1,1440
10.073585033416748,-1,1440
10.073585987091064,-1,1440
10.07358694076538,-1,1440
10.073587894439697,-1,1440
10.073588848114014,-1,1440
10.073616981506348,1,66
10.07384991645813,1,602
10.07553505897522,-1,1440
10.075536966323853,-1,1440
10.07554006576538,-1,1440
10.075541019439697,-1,1440
10.07554292678833,-1,1440
10.075544834136963,-1,1440
10.075546979904175,-1,1440
10.075548887252808,-1,1440
10.07555103302002,-1,1440
10.075552940368652,-1,1440
10.075554847717285,-1,1440
10.075913906097412,1,602
10.076179027557373,-1,1440
10.07617998123169,-1,1440
10.076236009597778,1,66
10.077386856079102,-1,1440
10.077389001846313,-1,1440
10.077390909194946,-1,1440
10.077393054962158,-1,1440
10.077394008636475,-1,1440
10.077395915985107,-1,1440
10.07739806175232,-1,1440
10.077399969100952,-1,1440
10.077401876449585,-1,1440
10.077524900436401,1,66
10.07834792137146,-1,1440
10.078350067138672,-1,1440
10.078438997268677,1,602
10.079792022705078,-1,1440
10.079793930053711,-1,1440
10.079884052276611,1,66
10.08041501045227,-1,1440
10.080416917800903,-1,1440
10.080466032028198,1,602
10.081490993499756,-1,1440
10.081491947174072,-1,1440
10.081493854522705,-1,1440
10.0814950466156,-1,1440
10.081496953964233,-1,1440
10.081498861312866,-1,1440
10.081501007080078,-1,1440
10.081502914428711,-1,1440
10.081614971160889,1,66
10.081755876541138,-1,1440
10.081812858581543,1,66
10.082622051239014,-1,1440
10.082674026489258,1,66
10.083083868026733,-1,1440
10.083133935928345,1,602
10.083727836608887,-1,1440
10.083775043487549,1,66
10.085433959960938,-1,1440
10.08543586730957,-1,1440
10.085590839385986,1,66
10.086366891860962,-1,1440
10.086369037628174,-1,1440
10.086391925811768,-1,1440
10.086506843566895,1,66
10.087576866149902,-1,1440
10.087714910507202,1,66
10.088840961456299,-1,1440
10.088844060897827,-1,1440
10.08899998664856,1,66
10.089727878570557,-1,1440
10.089728832244873,-1,1440
10.089838981628418,1,602
10.091248989105225,-1,1440
10.091249942779541,-1,1440
10.091251850128174,-1,1440
10.091253995895386,-1,1440
10.091255903244019,-1,1440
10.09125804901123,-1,1440
10.091259002685547,-1,1440
10.09126091003418,-1,1440
10.091263055801392,-1,1440
10.091264009475708,-1,1440
10.091266870498657,-1,1440
10.09126901626587,-1,1440
10.091269969940186,-1,1440
10.091271877288818,-1,1440
10.091272830963135,-1,1440
10.091274976730347,-1,1440
10.091568946838379,-1,1440
10.091786861419678,1,602
10.098965883255005,-1,1440
10.099629878997803,-1,1440
10.09963083267212,-1,1440
10.099706888198853,1,66
10.100744009017944,-1,1440
10.100745916366577,-1,1440
10.100746870040894,-1,1440
10.100749015808105,-1,1440
10.100749969482422,-1,1440
10.100863933563232,1,66
10.101448059082031,-1,1440
10.101661920547485,1,602
10.102869987487793,-1,1440
10.103631019592285,-1,1440
10.103632926940918,-1,1440
10.103729009628296,1,66
10.113102912902832,-1,1438
10.11325192451477,1,66
10.128696918487549,-1,1440
10.128931999206543,-1,1440
10.12906789779663,1,66
10.130087852478027,-1,1440
10.130910873413086,-1,1440
10.130913019180298,-1,1440
10.131015062332153,1,602
10.132009029388428,-1,1440
10.13201093673706,-1,1440
10.132011890411377,-1,1440
10.132014036178589,-1,1440
10.132014989852905,-1,1440
10.13214898109436,1,66
10.135058879852295,-1,1440
10.136489868164062,-1,1440
10.136682033538818,1,66
10.180320024490356,-1,1440
10.180628061294556,1,602
10.181441068649292,-1,1440
10.18160104751587,1,66
10.182333946228027,-1,1440
10.184305906295776,-1,1440
10.184533834457397,1,66
10.18531584739685,-1,66
10.189178943634033,-1,66
10.196954011917114,-1,66
10.198871850967407,-1,66
10.208693027496338,-1,66
10.230196952819824,-1,136
10.23034405708313,1,66
10.263643980026245,-1,1440
10.263646841049194,-1,1440
10.263814926147461,1,66
10.264065027236938,-1,1440
10.264066934585571,-1,1440
10.264068841934204,-1,1440
10.264070987701416,-1,1440
10.264071941375732,-1,1440
10.26411485671997,1,66
10.26428484916687,1,66
10.264545917510986,1,602
10.265445947647095,-1,1440
10.265549898147583,1,66
10.267488956451416,-1,1440
10.268182039260864,-1,1440
10.268183946609497,-1,1440
10.26818585395813,-1,1440
10.268338918685913,1,66
10.270731925964355,-1,1440
10.270735025405884,-1,1440
10.270946025848389,1,66
10.27121090888977,-1,1440
10.271213054656982,-1,1440
10.271214008331299,-1,1440
10.271215915679932,-1,1440
10.271218061447144,-1,1440
10.271514892578125,-1,1440
10.271537065505981,1,66
10.27178406715393,1,602
10.274224042892456,-1,1440
10.274710893630981,-1,1440
10.274711847305298,-1,1440
10.274832010269165,1,66
10.27612590789795,-1,1440
10.276128053665161,-1,1440
10.276129961013794,-1,1440
10.27613091468811,-1,1440
10.276131868362427,-1,1440
10.276134014129639,-1,1440
10.276139974594116,-1,1440
10.276140928268433,-1,1440
10.276142835617065,-1,1440
10.276144981384277,-1,1440
10.27614688873291,-1,1440
10.276147842407227,-1,1440
10.276149988174438,-1,1440
10.276151895523071,-1,1440
10.276154041290283,-1,1440
10.2761549949646,-1,1440
10.276156902313232,-1,1440
10.276159048080444,-1,1440
10.27671194076538,-1,1440
10.276713848114014,-1,1440
10.276715993881226,-1,1440
10.276717901229858,-1,1440
10.27672004699707,-1,1440
10.27675199508667,1,602
10.276910066604614,1,66
10.277628898620605,-1,1440
10.277709007263184,1,66
10.2793128490448,-1,1440
10.280243873596191,-1,1440
10.280245065689087,-1,1440
10.28033185005188,1,1138
10.281415939331055,-1,1440
10.281417846679688,-1,1440
10.281419038772583,-1,1440
10.281420946121216,-1,1440
10.281422853469849,-1,1440
10.28142499923706,-1,1440
10.281548023223877,1,66
10.281929969787598,-1,1440
10.282361030578613,-1,1440
10.282362937927246,-1,1440
10.282363891601562,-1,1440
10.282366037368774,-1,1440
10.282471895217896,1,66
10.2825288772583,-1,1440
10.282531023025513,-1,1440
10.282531976699829,-1,1440
10.282533884048462,-1,1440
10.282536029815674,-1,1440
10.282537937164307,-1,1440
10.282707929611206,1,602
10.28329086303711,-1,1440
10.283293008804321,-1,1440
10.28339695930481,1,66
10.285589933395386,-1,1440
10.285593032836914,-1,1440
10.285594940185547,-1,1440
10.285595893859863,-1,1440
10.285598039627075,-1,1440
10.285598993301392,-1,1440
10.285600900650024,-1,1440
10.285603046417236,-1,1440
10.28560495376587,-1,1440
10.285948038101196,1,66
10.286102056503296,-1,1440
10.286103963851929,-1,1440
10.286654949188232,1,602
10.28731393814087,-1,1440
10.287315845489502,-1,1440
10.287317037582397,-1,1440
10.287317991256714,-1,1440
10.28731894493103,-1,1440
10.287319898605347,-1,1440
10.287322044372559,-1,1440
10.287322998046875,-1,1440
10.287323951721191,-1,1440
10.287325859069824,-1,1440
10.28732705116272,-1,1440
10.287328004837036,-1,1440
10.287328958511353,-1,1440
10.287329912185669,-1,1440
10.28733205795288,-1,1440
10.287333011627197,-1,1440
10.287333965301514,-1,1440
10.28733491897583,-1,1440
10.287787914276123,1,602
10.289983034133911,-1,1440
10.290243864059448,-1,1440
10.290331840515137,1,602
10.290991067886353,-1,1440
10.290992021560669,-1,1440
10.29106593132019,1,66
10.292304992675781,-1,1440
10.292312860488892,-1,1440
10.292315006256104,-1,1440
10.29231595993042,-1,1440
10.292316913604736,-1,1440
10.292319059371948,-1,1440
10.292320966720581,-1,1440
10.292322874069214,-1,1440
10.29232406616211,-1,1440
10.292326927185059,-1,1440
10.292327880859375,-1,1440
10.292330980300903,-1,1440
10.292335033416748,-1,1440
10.29233694076538,-1,1440
10.292338848114014,-1,1440
10.292340993881226,-1,1440
10.292342901229858,-1,1440
10.292739868164062,-1,1440
10.292741060256958,-1,1440
10.292760848999023,1,602
10.292850017547607,1,66
10.29426884651184,-1,1440
10.294270038604736,-1,1440
10.29427194595337,-1,1440
10.294273853302002,-1,1440
10.294275045394897,-1,1440
10.29427695274353,-1,1440
10.294277906417847,-1,1440
10.294280052185059,-1,1440
10.294281959533691,-1,1440
10.294282913208008,-1,1440
10.29428505897522,-1,1440
10.294286966323853,-1,1440
10.294287919998169,-1,1440
10.29429006576538,-1,1440
10.294291973114014,-1,1440
10.29429292678833,-1,1440
10.294294834136963,-1,1440
10.294296026229858,-1,1440
10.294297933578491,-1,1440
10.294664859771729,-1,1440
10.294679880142212,1,602
10.310289859771729,-1,1440
10.310569047927856,-1,1440
10.31075406074524,1,66
10.311018943786621,-1,1440
10.311398029327393,-1,1440
10.311399936676025,-1,1440
10.311555862426758,1,66
10.312240839004517,-1,1440
10.312363862991333,1,66
10.3128080368042,-1,1440
10.31423306465149,-1,1440
10.314326047897339,1,602
10.321926832199097,-1,1440
10.322356939315796,-1,1440
10.322358846664429,-1,1440
10.322360038757324,-1,1440
10.322667837142944,1,66
10.323421001434326,-1,1440
10.323436975479126,-1,1440
10.323437929153442,-1,1440
10.323659896850586,1,66
10.324337005615234,-1,1440
10.324442863464355,1,66
10.325067043304443,-1,1440
10.325068950653076,-1,1440
10.325125932693481,1,66
10.32518196105957,1,66
10.32530403137207,-1,1440
10.326051950454712,-1,1440
10.32611083984375,1,602
10.337867021560669,-1,1440
10.338115930557251,1,1116
10.338213920593262,-1,1440
10.339603900909424,-1,1440
10.339724063873291,1,66
10.347491025924683,-1,950
10.347667932510376,1,66
10.383522987365723,-1,1440
10.383839845657349,-1,1440
10.384084939956665,1,66
10.38440203666687,-1,1440
10.384403944015503,-1,1440
10.38440489768982,-1,1440
10.384407043457031,-1,1440
10.384408950805664,-1,1440
10.384785890579224,-1,1440
10.384788036346436,-1,1440
10.384789943695068,-1,1440
10.386208057403564,1,66
10.388370990753174,-1,66
10.394607067108154,-1,1440
10.394609928131104,-1,1440
10.394767045974731,1,66
10.39494800567627,1,66
10.395180940628052,-1,1440
10.395182847976685,-1,1440
10.39529800415039,1,66
10.396399974822998,-1,1440
10.39640188217163,-1,1440
10.396404027938843,-1,1440
10.396405935287476,-1,1440
10.396406888961792,-1,1440
10.396409034729004,-1,1440
10.396410942077637,-1,1440
10.396414041519165,-1,1440
10.39651894569397,1,66
10.398433923721313,-1,66
10.40300989151001,-1,1440
10.403012037277222,-1,1440
10.403126001358032,1,602
10.403425931930542,-1,1440
10.40342903137207,-1,1440
10.403429985046387,-1,1440
10.40404486656189,-1,1440
10.404226064682007,1,66
10.405925035476685,-1,66
10.40640902519226,-1,1440
10.406409978866577,-1,1440
10.406410932540894,-1,1440
10.40641188621521,-1,1440
10.406579971313477,1,66
10.408087968826294,-1,1440
10.408220052719116,1,602
10.409343957901001,-1,1440
10.409416913986206,1,66
10.409852027893066,-1,1440
10.409852981567383,-1,1440
10.40991997718811,1,66
10.410919904708862,-1,1440
10.410922050476074,-1,1440
10.41092300415039,-1,1440
10.410924911499023,-1,1440
10.410927057266235,-1,1440
10.410928964614868,-1,1440
10.410929918289185,-1,1440
10.410932064056396,-1,1440
10.41093397140503,-1,1440
10.410935878753662,-1,1440
10.411109924316406,-1,1440
10.411113023757935,-1,1440
10.411113977432251,-1,1440
10.4111168384552,-1,1440
10.411118984222412,-1,1440
10.411355018615723,-1,1440
10.411355972290039,-1,1440
10.411357879638672,-1,1440
10.411478042602539,1,602
10.411844968795776,-1,1440
10.413120985031128,-1,1440
10.413198947906494,1,602
10.413848876953125,-1,1440
10.413915872573853,1,66
10.464675903320312,-1,692
10.464838981628418,1,66
10.52529788017273,-1,66
10.528985023498535,-1,66
10.535522937774658,-1,1440
10.536881923675537,-1,1440
10.537039041519165,1,602
10.538993835449219,-1,1440
10.539674043655396,-1,1440
10.541323900222778,-1,1440
10.541429996490479,1,66
10.641286849975586,-1,1440
10.642416954040527,-1,1440
10.64241886138916,-1,1440
10.642547845840454,1,66
10.643895864486694,-1,1440
10.64389705657959,-1,1440
10.644176006317139,-1,1440
10.644234895706177,1,66
10.646030902862549,-1,1440
10.646370887756348,-1,1440
10.646435022354126,1,66
10.655829906463623,-1,1440
10.656211853027344,-1,1440
10.656213998794556,-1,1440
10.656214952468872,-1,1440
10.656410932540894,1,602
10.65800404548645,-1,1440
10.658004999160767,-1,1440
10.658112049102783,1,66
10.658728837966919,-1,1440
10.659936904907227,-1,1440
10.660011053085327,1,66
10.660388946533203,-1,1440
10.660390853881836,-1,1440
10.660497903823853,1,66
10.661218881607056,-1,1440
10.661749839782715,-1,1440
10.66182804107666,1,66
10.66579794883728,-1,1440
10.728412866592407,-1,1440
10.73023796081543,-1,1440
10.730371952056885,1,602
10.731576919555664,-1,1440
10.732490062713623,-1,1440
10.732491970062256,-1,1440
10.733012914657593,1,66
10.733661890029907,-1,1440
10.733662843704224,-1,1440
10.733664989471436,-1,1440
10.733666896820068,-1,1440
10.73366904258728,-1,1440
10.734039068222046,1,66
10.916177988052368,-1,602
10.916306972503662,1,66
10.91770601272583,1,602
10.925114870071411,1,1440
10.975940942764282,-1,1440
10.976104021072388,1,66
10.976449966430664,-1,1440
10.97645092010498,-1,1440
10.977560043334961,-1,1440
10.977561950683594,-1,1440
10.97756290435791,-1,1440
10.977563858032227,-1,1440
10.977566003799438,-1,1440
10.977921962738037,-1,1440
10.97792387008667,-1,1440
10.978234052658081,-1,1440
10.978559970855713,-1,1440
10.980219841003418,-1,1440
10.982161045074463,-1,1440
10.990740060806274,1,66
10.99386191368103,-1,1440
10.993865013122559,-1,1440
10.993983030319214,1,66
10.994168996810913,-1,1440
10.994170904159546,-1,1440
10.994242906570435,1,66
10.995094060897827,-1,1440
10.99514389038086,1,66
10.995877981185913,-1,1440
10.995923042297363,1,66
10.998169898986816,-1,1440
10.998172044754028,-1,1440
10.998234987258911,1,66
10.998512983322144,-1,1440
10.99855089187622,1,66
10.999727010726929,-1,1440
10.999767065048218,1,66
11.00074291229248,-1,1440
11.000799894332886,1,66
11.001662969589233,-1,1440
11.001703977584839,1,66
11.074005842208862,-1,66
11.080383062362671,-1,1440
11.080384969711304,-1,1440
11.080534934997559,1,66
11.08060097694397,-1,1440
11.080777883529663,1,66
11.081815004348755,-1,1440
11.081876993179321,1,66
11.082489967346191,-1,1440
11.08374285697937,-1,1440
11.084513902664185,-1,1440
11.084516048431396,-1,1440
11.08451795578003,-1,1440
11.084518909454346,-1,1440
11.084519863128662,-1,1440
11.084987878799438,1,602
11.085753917694092,-1,1440
11.087476015090942,1,66
11.113850831985474,1,1440
11.113873958587646,1,278
11.200944900512695,-1,66
11.228747844696045,-1,78
11.228750944137573,-1,66
11.270918846130371,-1,1440
11.271136999130249,-1,770
11.271260976791382,1,66
11.30848503112793,-1,1440
11.3086678981781,1,66
11.308804988861084,-1,1440
11.308954954147339,1,66
11.325329065322876,-1,1440
11.325515031814575,1,66
11.326084852218628,-1,1440
11.32608699798584,-1,1440
11.326087951660156,-1,1440
11.326122045516968,-1,1440
11.3261239528656,-1,1440
11.326125860214233,-1,1440
11.32616400718689,1,66
11.32633090019226,1,66
11.327597856521606,-1,1440
11.327599048614502,-1,1440
11.327600955963135,-1,1440
11.327602863311768,-1,1440
11.327604055404663,-1,104
11.327669858932495,1,66
11.32883596420288,1,602
11.329961061477661,1,66
11.3991219997406,1,1440
11.399142980575562,1,300
11.40165901184082,1,1440
11.401674032211304,1,256
11.474288940429688,1,1440
11.474308967590332,1,1328
11.493851900100708,-1,66
11.514286041259766,-1,78
11.514287948608398,-1,66
11.51446795463562,1,602
11.516754865646362,-1,78
11.516756057739258,-1,66
11.535899877548218,1,1440
11.535920858383179,1,1284
11.550528049468994,-1,602
11.550621032714844,1,66
11.589625835418701,-1,66
11.652289867401123,-1,66
11.65238904953003,1,1116
11.659980058670044,-1,1440
11.665735006332397,-1,278
11.665816068649292,1,1116
11.778888940811157,-1,1440
11.77902102470398,1,66
11.779188871383667,-1,1440
11.779407024383545,1,66
11.779643058776855,-1,1440
11.780884981155396,-1,636
11.78091287612915,1,1116
11.78206205368042,-1,1440
11.782063007354736,-1,1440
11.78211784362793,1,66
11.782615900039673,1,1440
11.782630920410156,1,770
11.782938957214355,-1,1440
11.785521030426025,-1,1440
11.785732984542847,1,66
11.786200046539307,-1,1440
11.786201000213623,-1,1440
11.786365985870361,1,602
11.78723406791687,-1,1440
11.787235975265503,-1,1440
11.78723692893982,-1,1440
11.787237882614136,-1,1440
11.787240028381348,-1,1440
11.787240982055664,-1,1440
11.78724193572998,-1,1440
11.787242889404297,-1,1440
11.787243843078613,-1,1440
11.787440061569214,1,66
11.788851022720337,-1,1440
11.804520845413208,-1,1440
11.80452299118042,-1,1440
11.804725885391235,1,602
11.804887056350708,-1,1440
11.808848857879639,-1,1440
11.808981895446777,1,602
11.809262990951538,-1,1440
11.80932092666626,1,66
11.810325860977173,-1,1440
11.855576038360596,1,1440
11.85561203956604,1,814
11.89228105545044,1,1440
11.892299890518188,1,1328
11.896239042282104,-1,920
11.896306037902832,1,66
11.902462005615234,1,1440
11.902484893798828,1,300
11.90596890449524,-1,66
11.9215829372406,-1,66
11.92349100112915,1,1254
11.931591033935547,1,1440
11.93159294128418,1,1440
11.931611061096191,1,468
11.933017015457153,1,1440
11.933027982711792,1,770
11.937859058380127,-1,1440
11.937916994094849,1,66
11.938245058059692,-1,1440
11.93831491470337,1,66
11.939112901687622,-1,1440
11.956071853637695,-1,1440
11.956202030181885,1,66
11.956918954849243,-1,1440
11.95698595046997,1,66
11.961849927902222,-1,1440
11.9619619846344,1,1440
11.961974859237671,1,300
11.962728023529053,-1,1440
11.96277904510498,1,66
11.972396850585938,-1,66
11.989106893539429,1,1440
11.989126920700073,1,300
12.008774995803833,-1,1440
12.00884485244751,1,66
12.009100914001465,-1,1440
12.009152889251709,1,66
12.009467840194702,-1,1440
12.011276960372925,1,1440
12.011277914047241,1,1440
12.011287927627563,1,960
12.0118088722229,-1,1440
12.011963844299316,-1,1440
12.012006998062134,1,66
12.013057947158813,-1,1440
12.01305890083313,-1,1440
12.013061046600342,-1,1440
12.013061046600342,-1,1440
12.013134002685547,1,66
12.013813972473145,-1,382
12.013921022415161,1,66
12.014474868774414,-1,1440
12.01447606086731,-1,1440
12.01451587677002,1,602
12.015403985977173,-1,1440
12.018143892288208,-1,78
12.018144845962524,-1,66
12.029131889343262,-1,1440
12.02922797203064,1,66
12.0483980178833,-1,66
12.048399925231934,-1,66
12.055343866348267,-1,1440
12.05606985092163,1,1440
12.056087970733643,1,278
12.056395053863525,-1,1440
12.056448936462402,1,66
12.06218695640564,-1,1440
12.062188863754272,-1,1440
12.062278032302856,1,66
12.076680898666382,-1,1440
12.077057838439941,-1,78
12.077059984207153,-1,66
12.07712984085083,1,1138
12.079093933105469,1,1440
12.079095840454102,1,1440
12.079108953475952,1,1388
12.104817867279053,-1,1440
12.104861974716187,-1,78
12.104862928390503,-1,66
12.104966878890991,1,1180
12.106927871704102,1,1440
12.106945991516113,1,278
12.109194040298462,-1,1440
12.115123987197876,-1,1440
12.11526083946228,1,602
12.115509033203125,-1,1440
12.115603923797607,1,602
12.117116928100586,-1,1440
12.122830867767334,-1,1440
12.122933864593506,1,602
12.12865686416626,-1,66
12.130673885345459,-1,1330
12.13077688217163,1,602
12.131608009338379,1,1440
12.131618976593018,1,256
12.134415864944458,1,1440
12.134428977966309,1,278
12.136627912521362,-1,1440
12.136714935302734,1,66
12.171712875366211,-1,78
12.171714067459106,-1,66
12.18590497970581,-1,1440
12.186087846755981,1,66
12.188220977783203,-1,1440
12.188313961029053,1,602
12.191163063049316,-1,1440
12.19763994216919,-1,66
12.221642017364502,-1,78
12.221642971038818,-1,66
12.234387874603271,-1,66
12.247980833053589,-1,1340
12.248175859451294,1,1138
12.24922800064087,-1,66
12.24922800064087,-1,78
12.249862909317017,-1,66
12.252429008483887,-1,1440
12.252738952636719,-1,1440
12.252804040908813,1,66
12.253687858581543,-1,1440
12.273241996765137,-1,1440
12.273473978042603,1,602
12.273499965667725,-1,1440
12.27354884147644,1,66
12.276486873626709,1,1440
12.27649998664856,1,278
12.277129888534546,-1,86
12.277180910110474,1,602
12.279192924499512,-1,614
12.279249906539917,1,1254
12.289284944534302,-1,1440
12.290416955947876,-1,1440
12.29046893119812,1,1116
12.293279886245728,-1,1440
12.294668912887573,-1,1440
12.294759035110474,1,602
12.29595398902893,1,1440
12.295963048934937,1,770
12.301247835159302,1,1440
12.301265001296997,1,770
12.30836296081543,-1,1440
12.308421850204468,1,66
12.311228036880493,1,1440
12.31124496459961,1,278
12.320121049880981,-1,1440
12.327023029327393,1,1440
12.327044010162354,1,1306
12.328778982162476,1,1440
12.328788995742798,1,256
12.365002870559692,-1,570
12.365064859390259,1,602
12.392814874649048,-1,78
12.392816066741943,-1,66
12.406076908111572,-1,1440
12.407433986663818,-1,1440
12.407476902008057,1,1116
12.408512830734253,-1,1440
12.408584833145142,1,66
12.411834955215454,-1,66
12.41955304145813,-1,66
12.422654867172241,-1,1440
12.422657012939453,-1,1440
12.422775983810425,1,1116
12.423542976379395,-1,1440
12.424792051315308,1,1440
12.424806833267212,1,1306
12.425031900405884,-1,1440
12.425464868545532,-1,1440
12.425464868545532,-1,1440
12.425466060638428,-1,1440
12.425467014312744,-1,1440
12.42546796798706,-1,1440
12.425542831420898,1,66
12.425586938858032,-1,1440
12.425587892532349,-1,1440
12.425588846206665,-1,1440
12.42568588256836,1,66
12.426857948303223,1,1440
12.426858901977539,1,256
12.427696943283081,-1,78
12.427696943283081,-1,66
12.429002046585083,-1,1440
12.430415868759155,-1,1440
12.43041706085205,-1,1440
12.430484056472778,1,602
12.431512832641602,-1,1440
12.431514024734497,-1,1440
12.431514978408813,-1,1440
12.43151593208313,-1,1440
12.431618928909302,1,66
12.433303833007812,-1,1440
12.433305025100708,-1,1440
12.433410882949829,1,602
12.435308933258057,-1,1440
12.435309886932373,-1,1440
12.43531084060669,-1,1440
12.435312032699585,-1,1440
12.435312986373901,-1,1440
12.435312986373901,-1,1440
12.435313940048218,-1,1440
12.435314893722534,-1,1440
12.435385942459106,1,602
12.436810970306396,-1,1440
12.436811923980713,-1,1440
12.436858892440796,1,66
12.437280893325806,-1,1440
12.437315940856934,1,602
12.438546895980835,-1,1440
12.438547849655151,-1,1440
12.438549041748047,-1,1440
12.438549041748047,-1,1440
12.438549995422363,-1,1440
12.43855094909668,-1,1440
12.43855094909668,-1,1440
12.438551902770996,-1,1440
12.438552856445312,-1,1440
12.438552856445312,-1,1440
12.438554048538208,-1,1440
12.438740968704224,1,66
12.44058084487915,-1,1440
12.440582036972046,-1,1440
12.440582990646362,-1,1440
12.440582990646362,-1,1440
12.440583944320679,-1,1440
12.440584897994995,-1,1440
12.440584897994995,-1,1440
12.440585851669312,-1,1440
12.440587043762207,-1,1440
12.4406418800354,1,602
12.441166877746582,-1,1440
12.441167831420898,-1,1440
12.441220998764038,1,66
12.44152283668518,-1,1440
12.44152283668518,-1,1440
12.441560983657837,1,602
12.442710876464844,-1,1440
12.442710876464844,-1,1440
12.44271206855774,-1,1440
12.442713022232056,-1,1440
12.442713975906372,-1,1440
12.442713975906372,-1,1440
12.442714929580688,-1,1440
12.442715883255005,-1,1440
12.442765951156616,1,66
12.443492889404297,-1,1440
12.443492889404297,-1,1440
12.44353985786438,1,66
12.443799018859863,-1,1440
12.44379997253418,-1,1440
12.44379997253418,-1,1440
12.443845987319946,1,602
12.444418907165527,-1,1440
12.444454908370972,1,66
12.44471788406372,-1,78
12.444718837738037,-1,66
12.447070837020874,-1,1440
12.469096899032593,1,1440
12.469117879867554,1,814
12.479972839355469,-1,1440
12.480062007904053,1,66
12.480291843414307,-1,1440
12.480375051498413,1,66
12.506693840026855,1,1440
12.506720066070557,1,300
12.52305793762207,-1,1440
12.523167848587036,1,66
12.523473978042603,-1,1440
12.523474931716919,-1,1440
12.523475885391235,-1,1440
12.523476839065552,-1,1440
12.52354383468628,1,66
12.525161027908325,-1,1440
12.525213956832886,1,602
12.537545919418335,-1,1440
12.53764796257019,1,602
12.537934064865112,-1,1440
12.537935972213745,-1,1440
12.538009881973267,1,66
12.538817882537842,-1,1440
12.538863897323608,1,66
12.539721012115479,-1,1440
12.539742946624756,1,602
12.541386842727661,1,1440
12.541399955749512,1,770
12.5417640209198,-1,1440
12.541765928268433,-1,1440
12.541766881942749,-1,1440
12.541767835617065,-1,1440
12.541769981384277,-1,1440
12.541770935058594,-1,1440
12.541856050491333,1,66
12.54296088218689,-1,1440
12.542961835861206,-1,1440
12.542961835861206,-1,1440
12.542963027954102,-1,1440
12.542963027954102,-1,1440
12.542963981628418,-1,1440
12.542963981628418,-1,1440
12.543020009994507,1,66
12.543068885803223,1,1440
12.543069839477539,1,1440
12.543073892593384,1,424
12.543345928192139,-1,1440
12.543345928192139,-1,1440
12.543377876281738,1,66
12.544523000717163,-1,1440
12.54452395439148,-1,1440
12.544524908065796,-1,1440
12.544525861740112,-1,1440
12.544527053833008,-1,78
12.544527053833008,-1,66
12.544589042663574,1,66
12.546113014221191,-1,1440
12.546154022216797,1,602
12.546890020370483,-1,1440
12.546933889389038,1,66
12.54823899269104,-1,1440
12.548239946365356,-1,1440
12.548289060592651,1,66
12.549346923828125,-1,1440
12.549348831176758,-1,1440
12.549348831176758,-1,1440
12.549350023269653,-1,1440
12.54935097694397,-1,1440
12.549352884292603,-1,1440
12.549353837966919,-1,160
12.549412965774536,1,66
12.550477981567383,-1,66
12.551162958145142,1,1440
12.551172018051147,1,278
12.552507877349854,-1,1440
12.55634593963623,-1,66
12.560227870941162,-1,66
12.566642999649048,1,1440
12.566663980484009,1,256
12.570916891098022,-1,1440
12.572021007537842,-1,1440
12.572075843811035,1,1116
12.581171989440918,-1,1440
12.581774950027466,-1,1440
12.58184003829956,1,602
12.585654020309448,-1,66
12.58787989616394,1,1440
12.587897062301636,1,256
12.5955228805542,-1,1440
12.611121892929077,-1,1440
12.611223936080933,1,1116
12.620607852935791,1,1440
12.620625019073486,1,792
12.622766971588135,-1,66
12.63064193725586,-1,66
12.630733966827393,1,1254
12.630737066268921,1,1254
12.630774021148682,1,232
12.63271689414978,-1,602
12.63277292251587,1,66
12.640622854232788,1,1440
12.640641927719116,1,792
12.646752834320068,1,1440
12.646766901016235,1,792
12.65405797958374,-1,66
12.657866954803467,-1,66
12.65916395187378,-1,78
12.659164905548096,-1,66
12.662891864776611,-1,1440
12.662953853607178,1,66
12.663295030593872,-1,1440
12.663296937942505,-1,1440
12.66342306137085,1,66
12.663795948028564,-1,1440
12.665787935256958,-1,592
12.665860891342163,1,1138
12.667320013046265,1,1440
12.667321920394897,1,1440
12.667330026626587,1,424
12.669628858566284,-1,66
12.681885004043579,-1,78
12.681885957717896,-1,66
12.681946039199829,1,602
12.69211196899414,-1,1440
12.692203044891357,1,66
12.693084955215454,-1,1440
12.693151950836182,1,66
12.699877977371216,-1,1440
12.699965000152588,1,66
12.703094005584717,-1,78
12.703094959259033,-1,66
12.703168869018555,1,1138
12.705461978912354,-1,1440
12.705790042877197,-1,1440
12.705858945846558,1,602
12.707358837127686,-1,1440
12.707465887069702,1,66
12.710697889328003,-1,1440
12.71243691444397,-1,1440
12.712439060211182,-1,1440
12.712578058242798,1,66
12.712734937667847,-1,1440
12.712828874588013,1,66
12.715934991836548,1,1440
12.715965032577515,1,1306
12.716708898544312,-1,1440
12.71729302406311,-1,1440
12.717378854751587,1,66
12.726367950439453,-1,1440
12.735353946685791,1,1440
12.735373973846436,1,300
12.738003969192505,-1,66
12.740018844604492,-1,1440
12.749839067459106,-1,1440
12.74984097480774,-1,1440
12.749942064285278,1,1116
12.750057935714722,-1,1440
12.750128984451294,1,66
12.75366497039795,-1,1440
12.757540941238403,-1,66
12.765317916870117,-1,66
12.76599383354187,1,1440
12.766010999679565,1,814
12.775989055633545,1,1440
12.776010990142822,1,792
12.781036853790283,-1,270
12.781177043914795,1,66
12.783620834350586,1,1440
12.78363299369812,1,278
12.78486704826355,-1,66
12.796776056289673,-1,1440
12.80559492111206,-1,1440
12.805665016174316,1,66
12.805912017822266,-1,1440
12.805965900421143,1,66
12.80635404586792,-1,1440
12.806423902511597,1,66
12.809279918670654,-1,1440
12.80928087234497,-1,1440
12.809370040893555,1,66
12.809972047805786,-1,1440
12.81000804901123,1,66
12.810322999954224,-1,1440
12.81294298171997,1,1440
12.812954902648926,1,1306
12.822006940841675,-1,66
12.833709955215454,-1,66
12.85033392906189,-1,78
12.850334882736206,-1,66
12.85155701637268,-1,1440
12.854615926742554,1,1440
12.854637861251831,1,1306
12.894352912902832,-1,66
12.89824390411377,-1,1262
12.898354053497314,1,66
12.899093866348267,-1,78
12.899095058441162,-1,66
12.899142980575562,1,602
12.900183916091919,-1,1440
12.90470290184021,-1,1440
12.904703855514526,-1,1440
12.904785871505737,1,1116
12.905164957046509,-1,1440
12.905164957046509,-1,1440
12.905165910720825,-1,1440
12.905166864395142,-1,1440
12.905166864395142,-1,1440
12.905168056488037,-1,1440
12.90523099899292,1,602
12.905990839004517,-1,1440
12.90607500076294,1,66
12.910640001296997,-1,1440
12.91100287437439,-1,1440
12.911004066467285,-1,1440
12.911076068878174,1,1116
12.911619901657104,1,1440
12.911633014678955,1,770
12.911779880523682,-1,1440
12.923658847808838,-1,1440
12.923861026763916,1,602
12.925988912582397,1,1440
12.926000833511353,1,1306
12.929406881332397,-1,66
12.941688060760498,-1,1440
12.954561948776245,-1,1440
12.954563856124878,-1,1440
12.954715967178345,1,66
12.9549560546875,-1,1440
12.9549560546875,-1,1440
12.955018043518066,1,602
12.956464052200317,-1,78
12.956464052200317,-1,66
12.956528902053833,1,602
12.958723068237305,-1,602
12.958761930465698,1,66
12.96270489692688,-1,1440
12.970455884933472,-1,66
12.99633502960205,-1,1440
12.996454954147339,1,602
12.996598958969116,-1,1440
12.997844934463501,-1,1440
12.997907876968384,1,602
12.999091863632202,1,1440
12.999104976654053,1,770
13.013568878173828,-1,1366
13.013772964477539,1,1116
13.016895055770874,1,1440
13.016907930374146,1,300
13.019337892532349,-1,1440
13.019391059875488,1,1116
13.021206855773926,-1,66
13.028986930847168,-1,66
13.042662858963013,-1,66
13.04847502708435,1,1440
13.048495054244995,1,278
13.053470849990845,-1,1440
13.053534984588623,1,1116
13.054458856582642,-1,1440
13.054517984390259,1,66
13.109372854232788,-1,1440
13.109464883804321,1,66
13.112092971801758,1,1440
13.112107992172241,1,278
13.11340594291687,1,1440
13.113415956497192,1,256
13.114574909210205,-1,66
13.114574909210205,-1,66
13.12866997718811,-1,848
13.128732919692993,1,66
13.132038831710815,-1,78
13.132040023803711,-1,66
13.15189003944397,-1,1440
13.151890993118286,-1,1440
13.151968955993652,1,66
13.152068853378296,1,66
13.157601833343506,-1,1440
13.157603025436401,-1,1440
13.157690048217773,1,66
13.157909870147705,-1,1440
13.157963991165161,1,66
13.163804054260254,-1,78
13.163872957229614,1,1116
13.165864944458008,-1,66
13.170861005783081,-1,1440
13.170951843261719,1,66
13.171198844909668,-1,1440
13.171350002288818,1,66
13.17155385017395,-1,1440
13.17159390449524,1,602
13.17484998703003,-1,1440
13.174850940704346,-1,1440
13.174957036972046,1,66
13.175181865692139,-1,1440
13.175276041030884,1,602
13.175484895706177,-1,1440
13.179309844970703,-1,1440
13.179311037063599,-1,1440
13.17961597442627,1,66
13.17966103553772,-1,1440
13.17969799041748,1,66
13.228248834609985,-1,66
13.228602886199951,-1,78
13.228603839874268,-1,66
13.243865966796875,-1,170
13.243928909301758,1,66
13.255667924880981,-1,1440
13.269463062286377,-1,1440
13.269590854644775,1,602
13.277127981185913,-1,602
13.277211904525757,1,602
13.289301872253418,-1,66
13.30110788345337,-1,1440
13.301184892654419,1,602
13.318145036697388,-1,1440
13.318251848220825,1,602
13.320324897766113,-1,1440
13.322062969207764,-1,1440
13.322768926620483,1,1138
13.326472997665405,-1,1440
13.326866865158081,-1,1440
13.326868057250977,-1,1440
13.326925039291382,1,602
13.327879905700684,-1,1440
13.331857919692993,-1,1440
13.340291023254395,1,602
13.353837013244629,-1,1440
13.354143857955933,-1,1440
13.354251861572266,1,602
13.35519790649414,-1,1440
13.357223987579346,-1,1440
13.35731291770935,1,66
13.36118197441101,-1,1330
13.361393928527832,1,66
13.366997003555298,-1,1440
13.383566856384277,-1,1440
13.383697032928467,1,602
13.384456872940063,-1,1440
13.38459300994873,1,66
13.408253908157349,-1,1440
13.40825605392456,-1,1440
13.408371925354004,1,66
13.408499956130981,1,66
13.408638954162598,-1,1440
13.408639907836914,-1,1440
13.408761024475098,1,66
13.409658908843994,-1,1440
13.40965986251831,-1,1440
13.409741878509521,1,66
13.417712926864624,-1,1440
13.41775393486023,1,66
13.42952585220337,-1,1440
13.429620027542114,1,66
13.439210891723633,-1,66
13.456732034683228,-1,66
13.470448970794678,-1,1440
13.470449924468994,-1,1440
13.470485925674438,1,1116
13.470538854598999,1,66
13.470799922943115,-1,1440
13.470831871032715,1,66
13.474393844604492,-1,1440
13.478242874145508,-1,750
13.478283882141113,1,602
13.495913982391357,-1,1440
13.506274938583374,-1,1440
13.506274938583374,-1,1440
13.506294012069702,1,66
13.506327867507935,1,66
13.50751805305481,-1,1440
13.507552862167358,1,66
13.523701906204224,-1,1440
13.52404499053955,-1,1440
13.524075984954834,1,66
13.525156021118164,-1,1440
13.52518606185913,1,66
13.542104959487915,-1,1440
13.542105913162231,-1,1440
13.542191982269287,1,602
13.542897939682007,-1,1440
13.542954921722412,1,66
13.546737909317017,-1,1440
13.546860933303833,1,1440
13.546871900558472,1,278
13.547124862670898,-1,1440
13.548595905303955,-1,1440
13.548634052276611,1,66
13.593605995178223,-1,884
13.593684911727905,1,1116
13.60132884979248,-1,602
13.60140085220337,1,602
13.644402027130127,-1,1440
13.662174940109253,-1,78
13.662176847457886,-1,66
13.707720041275024,-1,1440
13.707926034927368,1,66
13.7081139087677,-1,1440
13.708569049835205,-1,1440
13.708570003509521,-1,268
13.708624839782715,1,602
13.71451187133789,1,1440
13.714516878128052,1,1440
13.71451997756958,1,1440
13.714542865753174,1,1064
13.714598894119263,1,1440
13.714601039886475,1,1440
13.71460485458374,1,488
13.744025945663452,-1,1440
13.790843963623047,-1,1440
13.791117906570435,1,1138
13.833305835723877,-1,512
13.833476066589355,1,66
13.83623194694519,-1,66
13.836233854293823,-1,66
13.836235046386719,-1,66
13.850647926330566,-1,1440
13.850934982299805,-1,1440
13.851042032241821,1,1116
13.851625919342041,-1,1440
13.851736068725586,1,602
13.949136018753052,-1,66
13.949465990066528,-1,1150
13.949806928634644,1,66
13.966590881347656,-1,602
13.966670989990234,1,602
13.966973066329956,-1,66
13.966974020004272,-1,66
13.967015981674194,1,1138
13.986167907714844,-1,1440
14.014118909835815,-1,1440
14.014240026473999,1,66
14.015629053115845,-1,1440
14.01575493812561,1,602
14.066159963607788,-1,122
14.066277980804443,1,66
14.12481689453125,-1,66
14.13056993484497,-1,66
14.1631760597229,-1,1440
14.163363933563232,1,602
14.16387391090393,-1,1440
14.163962841033936,1,66
14.183382987976074,-1,446
14.183517932891846,1,66
14.306020975112915,-1,1440
14.306238889694214,-1,1440
14.306288003921509,1,66
14.306405067443848,1,66
14.306567907333374,-1,1388
14.306663990020752,1,66
14.307960987091064,-1,1440
14.309471845626831,-1,1440
14.309571981430054,1,66
14.320199012756348,-1,1440
14.32020092010498,-1,1440
14.320339918136597,1,66
14.331815958023071,-1,1440
14.338363885879517,-1,66
14.338510036468506,1,1138
14.359186887741089,-1,602
14.359370946884155,1,66
14.423667907714844,-1,1058
14.423884868621826,1,66
14.540885925292969,-1,1116
14.541189908981323,1,66
14.541862964630127,1,602
14.59619688987732,-1,1440
14.597465991973877,-1,1440
14.597656011581421,1,602
14.613204002380371,-1,1440
14.658037900924683,-1,100
14.658447027206421,1,66
14.665837049484253,-1,66
14.665993928909302,1,602
14.689297914505005,-1,602
14.689396858215332,1,602
14.700970888137817,-1,66
14.712642908096313,-1,66
14.71278691291809,1,602
14.829850912094116,-1,66
14.831812858581543,-1,602
14.832193851470947,1,66
14.83390188217163,1,602
14.94916296005249,-1,602
14.949548959732056,1,66
14.990013837814331,-1,66
14.990119934082031,1,1116
15.009585857391357,-1,66
15.00973391532898,1,602
15.066279888153076,-1,602
15.066633939743042,1,1138
15.10526704788208,-1,66
15.118988990783691,-1,602
15.119164943695068,1,66
15.183418989181519,-1,66
15.18360686302185,1,602
15.185560941696167,-1,602
15.185739994049072,1,66
15.273350954055786,-1,1440
15.274296998977661,-1,1440
15.274492025375366,1,602
15.27531385421753,-1,1440
15.277155876159668,-1,1440
15.277158975601196,-1,1440
15.277338027954102,1,66
15.277461051940918,-1,1440
15.286954879760742,-1,1440
15.288141012191772,1,602
15.293674945831299,-1,1440
15.294702053070068,-1,1440
15.294833898544312,1,1116
15.296670913696289,-1,1440
15.303766012191772,-1,1386
15.303897857666016,1,66
15.378727912902832,-1,1440
15.38259506225586,-1,66
15.382699966430664,1,1138
15.40618085861206,-1,66
15.420048952102661,-1,1306
15.420158863067627,1,602
15.441267967224121,-1,602
15.441473960876465,1,602
15.535001993179321,-1,602
15.535153865814209,1,602
15.652139902114868,-1,602
15.652255058288574,1,602
15.700999021530151,-1,66
15.761559009552002,-1,66
15.761796951293945,1,602
15.76346492767334,-1,602
15.763561010360718,1,66
15.770007848739624,-1,1116
15.77017092704773,1,1116
15.886616945266724,-1,602
15.886838912963867,1,1138
15.951117992401123,-1,1440
15.982950925827026,-1,1440
15.994020938873291,-1,1440
16.002238988876343,-1,1216
16.002416849136353,1,602
16.004448890686035,1,602
16.094285011291504,-1,1116
16.09455895423889,1,602
16.119000911712646,-1,602
16.119184017181396,1,1116
16.159987926483154,-1,66
16.236161947250366,-1,602
16.236279010772705,1,602
16.388473987579346,-1,602
16.38857102394104,1,66
16.392328023910522,-1,66
16.392387866973877,1,602
16.394649028778076,-1,602
16.394744873046875,1,66
16.417850017547607,-1,602
16.417975902557373,1,66
16.41919183731079,1,602
16.50963592529297,-1,66
16.50986385345459,1,602
16.531056880950928,-1,602
16.531405925750732,1,66
16.648936986923218,-1,602
16.649101972579956,1,602
16.670727968215942,1,1440
16.67076301574707,1,256
16.74009084701538,-1,602
16.740313053131104,1,66
16.76545786857605,-1,602
16.765655994415283,1,66
16.78698205947876,-1,66
16.787158012390137,1,602
16.78929591178894,-1,66
16.789386987686157,1,602
16.8222439289093,-1,1440
16.835851907730103,-1,1440
16.836046934127808,1,602
16.838043928146362,-1,1440
16.86512303352356,-1,1440
16.865288019180298,1,602
16.869011878967285,-1,1440
16.882647037506104,-1,76
16.882834911346436,1,66
16.949084043502808,-1,66
16.982226848602295,-1,66
16.991013050079346,1,1116
17.00061798095703,-1,602
17.000699043273926,1,66
17.113242864608765,-1,1440
17.113467931747437,1,602
17.115036010742188,-1,66
17.11705493927002,-1,278
17.117085933685303,1,602
17.156162977218628,-1,602
17.15637183189392,1,66
17.157021045684814,1,602
17.234194040298462,-1,66
17.234292030334473,1,1116
17.30862593650818,-1,602
17.308799028396606,1,66
17.394381046295166,-1,66
17.394513845443726,1,602
17.425786018371582,-1,1138
17.426159858703613,1,66
17.478320837020874,-1,66
17.511605978012085,-1,66
17.511816024780273,1,1116
17.605345010757446,-1,602
17.605645895004272,1,66
17.628715991973877,-1,66
17.628834009170532,1,602
17.722557067871094,-1,1138
17.722851991653442,1,66
17.73400092124939,1,1440
17.73404288291931,1,1306
17.736634016036987,1,1440
17.736655950546265,1,770
17.745908975601196,-1,66
17.8397159576416,-1,602
17.839998960494995,1,66
17.849201917648315,-1,66
17.851305961608887,-1,66
17.85326600074768,-1,66
17.853333950042725,1,602
17.95490288734436,-1,602
17.955087900161743,1,66
17.96481204032898,1,1440
17.964845895767212,1,256
17.968546867370605,-1,66
17.98598599433899,1,602
18.025346040725708,-1,1440
18.07213306427002,-1,792
18.072290897369385,1,1138
18.080059051513672,-1,78
18.080060958862305,-1,66
18.115241050720215,-1,1440
18.136595964431763,-1,1440
18.13675093650818,1,66
18.160058975219727,-1,1440
18.167840003967285,-1,1440
18.168017864227295,1,66
18.17960286140442,-1,1440
18.189302921295166,-1,76
18.18942904472351,1,66
18.18998885154724,1,602
18.193196058273315,-1,1440
18.294533014297485,1,66
18.30647587776184,-1,770
18.306572914123535,1,66
18.307355880737305,-1,66
18.30735683441162,-1,602
18.307437896728516,1,66
18.30820393562317,1,602
18.34745192527771,-1,66
18.741729974746704,-1,66
18.74189805984497,-1,602
18.742231845855713,1,66
18.743211030960083,1,602
18.999274969100952,1,602
19.06821298599243,-1,66
19.115176916122437,-1,66
19.12094283103943,-1,602
19.121038913726807,1,66
19.12237787246704,1,602
19.173590898513794,-1,602
19.173748016357422,1,66
19.174911975860596,1,602
19.27138590812683,-1,602
19.271575927734375,1,66
19.272852897644043,1,602
19.42959499359131,-1,66
19.4473659992218,-1,602
19.447459936141968,1,66
19.57999587059021,-1,602
19.580183029174805,1,66
19.59323287010193,1,602
19.710808038711548,-1,66
19.726428985595703,-1,602
19.726534843444824,1,78
19.99520993232727,1,602
20.1132390499115,-1,66
20.117034912109375,-1,602
20.117156982421875,1,66
20.118655920028687,1,602
20.275248050689697,-1,66
20.27751588821411,-1,602
20.277654886245728,1,66
20.279293060302734,1,602
20.396358013153076,-1,66
20.422330856323242,1,602
20.42820405960083,-1,602
20.428396940231323,1,66
21.016515016555786,1,1116
21.140496969223022,-1,602
21.140630960464478,1,66
21.14195704460144,1,602
21.2967209815979,-1,602
21.29681706428528,1,66
21.297104835510254,1,602
21.413867950439453,-1,602
21.413967847824097,1,66
21.419831037521362,1,1440
21.419851064682007,1,278
21.452956914901733,-1,66
21.529518842697144,-1,1138
21.529685974121094,1,66
21.53502893447876,-1,78
21.535029888153076,-1,66
21.535089015960693,1,1116
21.578786849975586,-1,1440
21.578959941864014,1,66
21.590174913406372,-1,1440
21.59028196334839,1,66
21.59113883972168,1,602
21.60956883430481,-1,1440
21.609745025634766,1,1116
21.62742590904236,-1,1440
21.62751603126526,1,66
21.646430015563965,-1,914
21.646606922149658,1,66
21.6521999835968,-1,66
21.726415872573853,-1,66
21.75305700302124,-1,1440
21.75305986404419,-1,1440
21.753212928771973,1,66
21.753489017486572,1,66
21.754045963287354,1,602
21.754721879959106,-1,1440
21.75479006767273,1,66
21.763540029525757,-1,636
21.76359987258911,1,66
21.912256002426147,-1,66
21.91241192817688,1,602
21.91811203956604,-1,66
22.02924394607544,-1,66
22.053144931793213,-1,602
22.053361892700195,1,66
22.055268049240112,1,1440
22.055269956588745,1,1440
22.055343866348267,1,1388
22.17008090019226,-1,602
22.170273065567017,1,152
22.172322034835815,-1,66
22.213393926620483,-1,66
22.28713083267212,-1,602
22.287314891815186,1,1116
22.404281854629517,-1,602
22.40482187271118,1,66
22.405465841293335,1,602
22.437476873397827,-1,1440
22.437623977661133,1,66
22.464845895767212,-1,1440
22.465155839920044,1,66
22.482436895370483,-1,1440
22.505831956863403,-1,1440
22.50617504119873,1,66
22.5213680267334,-1,378
22.521581888198853,1,66
22.552743911743164,1,602
22.555091857910156,-1,66
22.636631965637207,-1,602
22.636916875839233,1,66
22.63774800300598,1,602
22.75160002708435,-1,602
22.751914024353027,1,66
22.79504704475403,-1,66
23.013974905014038,1,602
23.13272786140442,-1,66
23.21832299232483,1,1138
23.226667881011963,-1,602
23.226938009262085,1,66
23.22914695739746,1,1116
23.345634937286377,-1,66
23.3768949508667,-1,602
23.377279043197632,1,66
23.39877200126648,-1,1440
23.419879913330078,-1,1440
23.420119047164917,1,66
23.423768043518066,-1,1440
23.49243998527527,-1,1216
23.492771863937378,1,66
23.49374485015869,1,602
23.50644087791443,-1,1440
23.508039951324463,-1,1440
23.508216857910156,1,66
23.54862904548645,-1,66
23.548630952835083,-1,602
23.54890203475952,1,602
23.54901385307312,1,66
23.6093590259552,-1,938
23.60963797569275,1,66
23.6503689289093,-1,66
23.65054702758789,1,1138
23.76763105392456,-1,66
23.91791796684265,-1,66
23.918118000030518,1,602
24.03092885017395,1,602
24.14641284942627,-1,66
24.206986904144287,-1,602
24.207255840301514,1,66
24.207778930664062,1,1116
24.251888036727905,-1,66
24.252084970474243,1,602
24.298816919326782,-1,602
24.29901385307312,1,66
24.324023962020874,-1,66
24.32417893409729,1,602
24.359971046447754,-1,1116
24.360322952270508,1,66
24.48262596130371,-1,66
24.488216876983643,-1,602
24.48837685585022,1,66
24.49800205230713,-1,602
24.49836802482605,1,66
24.51590085029602,1,1116
24.570278882980347,-1,66
24.570490837097168,1,602
24.625228881835938,-1,602
24.625431060791016,1,66
24.632709980010986,-1,66
24.803010940551758,-1,1440
24.803256034851074,-1,1440
24.80348300933838,1,66
24.804826974868774,-1,938
24.804975986480713,1,66
24.85584306716919,-1,1440
24.856231927871704,-1,1440
24.85623288154602,-1,1440
24.856343030929565,1,66
24.879211902618408,-1,1440
24.87921404838562,-1,1440
24.87942099571228,1,66
24.880789041519165,-1,1440
24.894486904144287,-1,66
24.894723892211914,1,602
24.91412591934204,-1,1440
24.914604902267456,1,66
24.91880202293396,-1,1440
24.920244932174683,-1,1440
24.920408010482788,1,66
24.921741008758545,-1,146
24.921875,1,66
24.961227893829346,-1,602
24.9613938331604,1,66
25.018523931503296,1,602
25.134741067886353,-1,66
25.140564918518066,-1,602
25.140801906585693,1,66
25.142014980316162,1,602
25.22066903114319,-1,66
25.22087287902832,1,602
25.2792809009552,-1,602
25.279465913772583,1,66
25.2987380027771,-1,66
25.302645921707153,-1,602
25.30282998085022,1,66
25.303911924362183,1,602
25.419847011566162,-1,66
25.53710699081421,-1,602
25.537492990493774,1,66
25.546869039535522,-1,66
25.546998023986816,1,602
25.75196385383606,-1,602
25.75239086151123,1,66
25.75337290763855,1,602
25.867146968841553,-1,66
25.86908197402954,-1,66
25.931653022766113,-1,602
25.931915998458862,1,66
25.93384289741516,1,602
26.319468021392822,-1,66
26.31965684890747,1,602
26.729779958724976,-1,66
26.73041796684265,-1,602
26.73059892654419,1,66
26.732085943222046,1,602
27.138728857040405,-1,602
27.138972997665405,1,602
27.549658060073853,-1,602
27.549921989440918,1,602
27.723957061767578,1,1116
27.728981018066406,1,1440
27.729020833969116,1,1306
27.839812994003296,-1,66
27.846174955368042,-1,66
27.925801992416382,-1,66
27.92603588104248,1,602
27.94335699081421,-1,602
27.94364285469055,1,66
28.013690948486328,-1,1116
28.0138418674469,1,66
28.023540019989014,1,602
28.13867497444153,-1,66
28.142911911010742,-1,602
28.143000841140747,1,66
28.14417004585266,1,602
28.251986980438232,-1,66
28.25219702720642,1,602
28.2636878490448,-1,1116
28.263813018798828,1,66
28.3225679397583,-1,602
28.322767972946167,1,66
28.378943920135498,-1,602
28.37912392616272,1,66
28.380609035491943,1,602
28.537101984024048,-1,66
28.621129035949707,-1,66
28.62139391899109,1,602
28.74080204963684,-1,602
28.74093198776245,1,66
29.084277868270874,-1,66
29.084462881088257,1,602
29.115395069122314,-1,602
29.11562705039978,1,66
29.493942975997925,-1,66
29.494204998016357,1,602
29.679770946502686,-1,602
29.68018388748169,1,66
29.865258932113647,-1,66
29.865493059158325,1,602
30.313035011291504,-1,66
30.313194036483765,-1,602
30.31325101852417,1,602
30.31349802017212,1,66
31.07863998413086,1,1254
31.43951392173767,-1,66
31.439717054367065,-1,602
31.439777851104736,1,486
31.439892053604126,1,66
31.61143684387207,-1,602
31.611645936965942,1,66
31.779345989227295,-1,602
31.779568910598755,1,602
31.80126690864563,1,602
31.918057918548584,-1,66
32.026859998703,1,602
32.128952980041504,-1,602
32.129152059555054,1,602
32.14253497123718,-1,66
32.1464638710022,-1,602
32.14652991294861,1,66
32.14760184288025,1,602
32.3042368888855,-1,66
32.304239988327026,-1,602
32.30441093444824,1,66
32.305585861206055,1,602
32.42192506790161,-1,66
32.47272300720215,-1,602
32.47297191619873,1,602
32.51181602478027,-1,602
32.51200199127197,1,66
32.87295985221863,-1,66
32.8731849193573,-1,602
32.87322497367859,1,602
32.87344694137573,1,66
33.282686948776245,-1,66
33.28294396400452,1,602
33.39073300361633,-1,602
33.39096188545227,1,66
34.00053691864014,1,1138
34.40935683250427,-1,66
34.40936088562012,-1,602
34.40964198112488,1,66
34.41144585609436,1,602
34.818742990493774,-1,66
35.74023985862732,-1,602
35.740447998046875,1,66
39.12150192260742,-1,602
39.121620893478394,1,66
41.6875958442688,1,1440
41.68773603439331,1,256
41.689796924591064,1,1440
41.68980002403259,1,1440
41.68982696533203,1,1388
41.68985104560852,1,1440
41.68985295295715,1,1440
41.68986201286316,1,488
41.69914388656616,1,602
41.80484199523926,-1,602
41.805033922195435,1,66
41.80638790130615,-1,66
41.80638790130615,-1,66
41.80748105049133,-1,66
41.80748105049133,-1,66
41.80748200416565,-1,66
41.946390867233276,-1,1440
41.94658589363098,1,66
41.94738793373108,-1,256
41.94746494293213,1,66
41.94805884361267,1,602
42.0196750164032,-1,66
42.06392502784729,-1,602
42.06392788887024,-1,66
42.06415104866028,1,66
42.06761193275452,1,1116
42.183841943740845,-1,66
42.2815420627594,-1,602
42.28172588348389,1,66
42.28980088233948,-1,1440
42.28989505767822,1,66
42.291982889175415,-1,1440
42.29198503494263,-1,602
42.29206299781799,1,66
42.29212498664856,1,66
42.29467487335205,-1,1440
42.294718980789185,1,66
42.39864993095398,-1,614
42.39884090423584,1,66
42.40406584739685,1,602
42.40590286254883,1,1440
42.405904054641724,1,1440
42.40593695640564,1,1388
42.40599083900452,1,1440
42.40599298477173,1,1440
42.40602493286133,1,1388
42.40609788894653,1,1440
42.40609884262085,1,1440
42.406121015548706,1,1388
42.40617084503174,1,1440
42.406172037124634,1,1440
42.40618300437927,1,1388
42.40628099441528,1,1440
42.4062819480896,1,1440
42.40629291534424,1,1410
42.519690990448,-1,66
42.52080988883972,-1,66
42.52081298828125,-1,66
42.52238488197327,-1,66
42.52238583564758,-1,66
42.52238702774048,-1,66
42.52238702774048,-1,66
42.522387981414795,-1,66
42.522387981414795,-1,66
42.52238893508911,-1,66
42.52238893508911,-1,66
42.52238893508911,-1,66
42.52238988876343,-1,66
42.52348804473877,-1,66
42.52356696128845,1,922
42.54510688781738,-1,602
42.54528188705444,1,66
42.68182992935181,-1,66
42.73724699020386,1,1116
42.853638887405396,-1,66
42.85380697250366,1,1116
42.8673210144043,-1,602
42.867465019226074,1,66
42.98074793815613,-1,1440
42.980973958969116,1,66
42.98221206665039,1,602
42.984395027160645,-1,278
42.98444890975952,1,1116
43.037338972091675,-1,1440
43.037495851516724,1,66
43.10169506072998,-1,278
43.10187101364136,1,66
43.21926784515381,-1,1116
43.21942186355591,1,66
43.72798705101013,-1,1440
43.72805190086365,-1,256
43.72816205024719,1,66
43.72839093208313,1,66
44.95669102668762,-1,602
44.95687389373779,1,66
47.51681590080261,-1,602
47.517228841781616,1,66
47.763612031936646,1,1116
47.9239239692688,-1,66
47.97289800643921,-1,1116
47.97344994544983,1,66
47.97449803352356,1,602
48.09009385108948,-1,66
48.75802803039551,1,602
48.87524700164795,-1,66
48.94169902801514,-1,602
48.941890001297,1,66
49.115525007247925,-1,602
49.115726947784424,1,66
49.11726093292236,1,602
49.23278188705444,-1,66
49.99513101577759,1,602
50.11355495452881,-1,66
50.1526038646698,-1,602
50.152787923812866,1,66
